Workbook
Name HEADOFTHEFAM: 'HEAD OF THE FAMILY'!$B$5:$P$805
Name CHILDREN: CHILDREN!$A$5:$I$1851

Sheet HEAD OF THE FAMILY
A1: BARANGAY SAN MIGUEL II DATA GATHERING FOR THE HEAD OF THE FAMILY
A4: COUNT | B4: HEAD OF THE FAMILY / FULL NAME | C4: BRGY. OFFICIALS / SENIOR / 4PS / SOLO PARENT / PWD / KDBM / THIRD GEN. | D4: MM/DD/YYYY | E4: VOTER REGISTER | G4: PH - PAMASONG HANDOG / R - RICE | H4: PARTNER / FULLNAME | I4: BRGY. OFFICIALS / SENIOR / 4PS / SOLO PARENT / PWD / KDBM / THIRD GEN. | J4: ADDRESS | L4: MM/DD/YYYY | M4: VOTER REGISTER | O4: QUANTITY | P4: NOTICE!
A5: NO. | B5: FIRST NAME / MI. / LAST NAME | C5: CATEGORY | D5: BIRTHDAY | E5: PRECINT NO. | F5: STATUS | G5: PH OR R | H5: FIRST NAME / MI. / LAST NAME | I5: CATEGORY | J5: BLK | K5: LOT | L5: BIRTHDAY | M5: PRECINT NO. | N5: STATUS | O5: PH OR R | P5: REMARKS
A6: =IF(B6="","",ROW()-5) -> 1 | B6: AARON CARL EJANDRA | C6: N/A | F6: ACTIVE | G6: R | H6: MA. LOUELLA L. EJANDRA | J6: BLK 3 | K6: 5 | N6: UNREGISTERED
A7: 2 | B7: ABEL CARIAS | C7: N/A | F7: UNREGISTERED | G7: R | H7: RACHELLE JOYA CARIAS | J7: BLK 5 | K7: 35 | N7: ACTIVE
A8: =IF(B8="","",ROW()-5) -> 3 | B8: ACE ANGELO A. SANTOS | C8: N/A | F8: ACTIVE | G8: R | H8: LEA TAGUM | J8: BLK 41 | K8: 24 | N8: UNREGISTERED
A9: =IF(B9="","",ROW()-5) -> 4 | B9: ADELAIDA O. PULGA | C9: SENIOR | F9: ACTIVE | G9: PH | J9: BLOCK 4 | K9: 37
A10: =IF(B10="","",ROW()-5) -> 5 | B10: ADORACION LLENO | C10: SENIOR | F10: ACTIVE | G10: PH | J10: BLK 46 | K10: 13
A11: =IF(B11="","",ROW()-5) -> 6 | B11: ADRIAN SIRAY SR. | C11: N/A | F11: ACTIVE | G11: PH | H11: MA. TERESA REYES | I11: 4PS | J11: BLOCK 4 | K11: 8 | N11: ACTIVE
A12: =IF(B12="","",ROW()-5) -> 7 | B12: AERON DE GORO | C12: N/A | F12: UNREGISTERED | G12: R | H12: VADILEE MAGNO | J12: BLK 5 | K12: 4 | N12: ACTIVE
A13: =IF(B13="","",ROW()-5) -> 8 | B13: AGAPITO A. HILARIO | C13: SENIOR | E13: 0867B | F13: ACTIVE | G13: PH | H13: EVANGELINA S. HILARIO | I13: SENIOR | J13: BLK 1 | K13: 4 | M13: 0867B | N13: ACTIVE
A14: =IF(B14="","",ROW()-5) -> 9 | B14: AGOSTO ESTILLANA | C14: SENIOR | F14: UNREGISTERED | G14: R | H14: ROSITA ESTILLANA | J14: BLK 41 | K14: 25 | N14: ACTIVE
A15: =IF(B15="","",ROW()-5) -> 10 | B15: AILEEN S. VILLARINO | C15: N/A | F15: ACTIVE | G15: R | J15: BLOCK 4 | K15: 12
A16: =IF(B16="","",ROW()-5) -> 11 | B16: AIRA VILLARINO | C16: N/A | F16: ACTIVE | G16: R | J16: BLOCK 4 | K16: 6
A17: =IF(B17="","",ROW()-5) -> 12 | B17: AL DESPABELADERAS | C17: N/A | F17: ACTIVE | G17: R | H17: SUSANA DESPABELADERAS | J17: BLK 46 | K17: 2 | N17: ACTIVE
A18: =IF(B18="","",ROW()-5) -> 13 | B18: ALBERT ARCILLA | C18: N/A | F18: ACTIVE | G18: PH | H18: AILEEN ARCILLA | J18: BLK 5 | K18: 39 | N18: ACTIVE
A19: =IF(B19="","",ROW()-5) -> 14 | B19: ALBERT MANANGAT | C19: N/A | F19: ACTIVE | G19: R | H19: NORALIN MERIN | J19: BLK 41 | K19: 5 | N19: UNREGISTERED
A20: =IF(B20="","",ROW()-5) -> 15 | B20: ALBERT SANTOS | C20: N/A | F20: ACTIVE | G20: R | H20: MARY ANNE BALADAD | J20: BLK 45 | K20: 19 | N20: ACTIVE
A21: =IF(B21="","",ROW()-5) -> 16 | B21: ALBERTO A MACABENTA | C21: SENIOR | F21: ACTIVE | G21: PH | H21: DISCORA T MACABENTA | I21: PWD | J21: BLK 45 | K21: 10 | N21: ACTIVE
A22: =IF(B22="","",ROW()-5) -> 17 | B22: ALBERTO E DE GUZMAN | C22: SENIOR | F22: ACTIVE | G22: PH | H22: ALICE DE GUZMAN | J22: BLK 46 | K22: 36
A23: =IF(B23="","",ROW()-5) -> 18 | B23: ALBERTO LOBRIO JR. | C23: THIRD GEN | F23: ACTIVE | G23: PH | H23: LETECIA LOBRIO | I23: KDBM | J23: BLK 49 | K23: 27 | N23: ACTIVE
A24: =IF(B24="","",ROW()-5) -> 19 | B24: ALBERTO LOBRIO SR. | C24: SENIOR | F24: ACTIVE | G24: PH | H24: CECILA LOBRIO | I24: SENIOR | J24: BLK 49 | K24: 27 | N24: ACTIVE
A25: =IF(B25="","",ROW()-5) -> 20 | B25: ALBERTO MANUEL | C25: SENIOR | F25: ACTIVE | G25: PH | H25: LETECIA AMORIN | J25: BLK 46 | K25: 21 | N25: ACTIVE
A26: =IF(B26="","",ROW()-5) -> 21 | B26: ALBERTO R. CAMPOS | C26: N/A | F26: ACTIVE | G26: PH | H26: MARY JOY A CAMPOS | I26: BRGY. OFFICIALS | J26: BLK 3 | K26: 17 | N26: ACTIVE
A27: =IF(B27="","",ROW()-5) -> 22 | B27: ALEJANDRO G GALLARDO JR. | C27: N/A | F27: ACTIVE | G27: PH | H27: LUZVIMINDA L GALLARDO | I27: 4PS | J27: BLK 46 | K27: 9A | N27: ACTIVE
A28: =IF(B28="","",ROW()-5) -> 23 | B28: ALEX CHENG | C28: THIRD GEN | F28: INACTIVE | G28: N/A | H28: ROSEMARIE LLANERA | J28: BLOCK 4 | K28: 37 | N28: UNREGISTERED
A29: =IF(B29="","",ROW()-5) -> 24 | B29: ALEXANDER ALONZO | C29: SENIOR | F29: ACTIVE | G29: PH | J29: BLK 1
A30: =IF(B30="","",ROW()-5) -> 25 | B30: ALEXANDER CAMPAÑA | C30: SENIOR | F30: ACTIVE | G30: PH | H30: MAGDALENA D. CAMPAÑA | J30: BLK 1 | K30: 29 | N30: UNREGISTERED
A31: =IF(B31="","",ROW()-5) -> 26 | B31: ALFRED IVAN EJANDRA | C31: N/A | F31: ACTIVE | G31: R | H31: LEANDRA L. EJANDRA | J31: BLK 3 | K31: 5 | N31: UNREGISTERED
A32: =IF(B32="","",ROW()-5) -> 27 | B32: ALICIA D. REYES | C32: SENIOR | F32: ACTIVE | G32: PH | J32: BLOCK 4 | K32: 8
A33: =IF(B33="","",ROW()-5) -> 28 | B33: ALICIA R. MAGBANUA | C33: SENIOR | F33: INACTIVE | G33: N/A | J33: BLK 45 | K33: 26
A34: =IF(B34="","",ROW()-5) -> 29 | B34: ALLAN DAVE D. EVANGELISTA | C34: N/A | F34: ACTIVE | G34: R | H34: SHIA URDINADO | J34: BLOCK 4 | K34: 6 | N34: UNREGISTERED
A35: =IF(B35="","",ROW()-5) -> 30 | B35: ALLAN MAGNO | C35: BRGY. OFFICIALS | F35: ACTIVE | G35: PH | J35: BLK 5 | O35: FOR CHECKING
A36: =IF(B36="","",ROW()-5) -> 31 | B36: ALLAN N. HIPOLITO JR. | C36: N/A | F36: ACTIVE | G36: R | H36: ALEXIS C. RONDILLA | J36: BLK 49 | K36: 3 | N36: UNREGISTERED
A37: =IF(B37="","",ROW()-5) -> 32 | B37: ALLAN P. HIPOLITO SR. | C37: 4PS | F37: ACTIVE | G37: PH | H37: ELSIE HIPOLITO | I37: BRGY. OFFICIALS | J37: BLK 49 | K37: 2 | N37: ACTIVE
A38: =IF(B38="","",ROW()-5) -> 33 | B38: ALLAN S. PUSING | C38: SOLO PARENT | F38: ACTIVE | G38: PH | J38: BLK 45 | K38: 31
A39: =IF(B39="","",ROW()-5) -> 34 | B39: ALLEN EDWARD T. MONCES | C39: N/A | F39: UNREGISTERED | G39: R | H39: PRECY MAE L. BULO | J39: BLK 49 | K39: 3 | N39: ACTIVE
A40: =IF(B40="","",ROW()-5) -> 35 | B40: ALVIN BAREZA | C40: N/A | F40: UNREGISTERED | G40: R | H40: ELAINE ROSE RONASE | J40: BLK 49 | K40: 27 | N40: ACTIVE
A41: =IF(B41="","",ROW()-5) -> 36 | B41: AMBROSO ALZAGA | C41: SENIOR | F41: ACTIVE | G41: PH | H41: PIEDAD ALZAGA | I41: SENIOR | J41: BLK 1 | K41: 12
A42: =IF(B42="","",ROW()-5) -> 37 | B42: AMPARO L. MARCOS | C42: SENIOR | F42: ACTIVE | G42: PH | J42: BLK 45 | K42: 28-B
A43: =IF(B43="","",ROW()-5) -> 38 | B43: ANATALIA J. RAFIÑAN | C43: SENIOR | F43: ACTIVE | G43: PH | J43: BLK 1 | K43: 15
A44: =IF(B44="","",ROW()-5) -> 39 | B44: ANCHITA P. ORCASITAS | C44: BRGY. OFFICIALS | F44: ACTIVE | G44: PH | J44: BLOCK 4 | K44: 37
A45: =IF(B45="","",ROW()-5) -> 40 | B45: ANELIE ANN GATON | C45: N/A | F45: ACTIVE | G45: R | J45: BLK 5 | K45: 31
A46: =IF(B46="","",ROW()-5) -> 41 | B46: ANGEL GALOSO DELA CRUZ | C46: N/A | F46: ACTIVE | G46: R | H46: KIM GALOSO PALMES | J46: BLK 41 | N46: UNREGISTERED
A47: =IF(B47="","",ROW()-5) -> 42 | B47: ANGELA C. NACASABUG | C47: N/A | F47: ACTIVE | G47: R | J47: BLK 5 | K47: 14
A48: =IF(B48="","",ROW()-5) -> 43 | B48: ANGELITA E. QUIRIT | C48: SENIOR | F48: ACTIVE | G48: PH | J48: BLOCK 4 | K48: 35
A49: =IF(B49="","",ROW()-5) -> 44 | B49: ANGELITO S ESTABILLO | C49: PWD | F49: ACTIVE | G49: PH | J49: BLOCK 4 | K49: 32
A50: =IF(B50="","",ROW()-5) -> 45 | B50: ANGELITO STO TOMAS | C50: N/A | F50: ACTIVE | G50: R | H50: LAHAY LAHAY | J50: BLK 46 | K50: 34 | N50: ACTIVE
A51: =IF(B51="","",ROW()-5) -> 46 | B51: ANISON GUEVARA | C51: N/A | F51: UNREGISTERED | G51: R | H51: MARIA ELERA GUEVARA | J51: BLK 1 | K51: 32 | N51: UNREGISTERED
A52: =IF(B52="","",ROW()-5) -> 47 | B52: ANJO A CRISTOBAL | C52: N/A | F52: UNREGISTERED | G52: N/A | H52: APRIL JOY B DE FELIX/2ENTRY | J52: BLK 46 | K52: 15 | N52: ACTIVE
A53: =IF(B53="","",ROW()-5) -> 48 | B53: ANNA LIZA DE GUZMAN | C53: N/A | F53: UNREGISTERED | G53: N/A | J53: BLK 3 | K53: 13
A54: =IF(B54="","",ROW()-5) -> 49 | B54: ANNA LIZA HAYAG | C54: N/A | F54: ACTIVE | G54: R | J54: BLK 1 | K54: 23
A55: =IF(B55="","",ROW()-5) -> 50 | B55: ANNA LIZA TRINIDAD | C55: N/A | F55: ACTIVE | G55: PH | J55: BLK 3
A56: =IF(B56="","",ROW()-5) -> 51 | B56: ANNILYN ROBLES | C56: SENIOR | F56: ACTIVE | G56: PH | J56: BLOCK 4 | K56: 3
A57: =IF(B57="","",ROW()-5) -> 52 | B57: ANTHONY C MOLINA | C57: N/A | F57: ACTIVE | G57: R | H57: MELISSA V MOLINA | J57: BLK 46 | K57: 37 | N57: ACTIVE
A58: =IF(B58="","",ROW()-5) -> 53 | B58: ANTHONY CARL ANCHETA | C58: BRGY. OFFICIALS | F58: ACTIVE | G58: PH | J58: BLK 5
A59: =IF(B59="","",ROW()-5) -> 54 | B59: ANTHONY EUGENIO | C59: N/A | F59: UNREGISTERED | G59: N/A | H59: CAROLINA DE GUZMAN | J59: BLK 46 | K59: 36 | N59: ACTIVE
A60: =IF(B60="","",ROW()-5) -> 55 | B60: ANTHONY MARK SAMSON | C60: N/A | F60: ACTIVE | G60: R | H60: LUCIA ABRIA | J60: BLK 1 | K60: 30 | N60: UNREGISTERED
A61: =IF(B61="","",ROW()-5) -> 56 | B61: ANTONETTE SAMSON | C61: N/A | F61: ACTIVE | G61: R | J61: BLK 1 | K61: 30
A62: =IF(B62="","",ROW()-5) -> 57 | B62: ANTONIO CABER | C62: BRGY. OFFICIALS, SENIOR | F62: ACTIVE | G62: PH | H62: DIOSCORA CABER | J62: BLOCK 4 | K62: 17 | N62: ACTIVE
A63: =IF(B63="","",ROW()-5) -> 58 | B63: ANTONIO ENRIQUEZ JR. | C63: N/A | F63: ACTIVE | G63: R | H63: JENILLYN B RILLO | J63: BLK 46 | K63: 35 | N63: ACTIVE
A64: =IF(B64="","",ROW()-5) -> 59 | B64: ANTONIO HAMOR | C64: PWD | F64: ACTIVE | G64: PH | J64: BLOCK 4
A65: =IF(B65="","",ROW()-5) -> 60 | B65: APRIL JOY DE FELIX | C65: N/A | F65: ACTIVE | G65: R | J65: BLK 46
A66: =IF(B66="","",ROW()-5) -> 61 | B66: ARCADIO M. CRUZ | C66: N/A | F66: ACTIVE | G66: R | J66: BLK 49 | K66: 3
A67: =IF(B67="","",ROW()-5) -> 62 | B67: ARIEL C. VICTORIANO | C67: N/A | F67: ACTIVE | G67: R | H67: JENNIFER S. PASCO | J67: BLK 1 | K67: 25 | N67: ACTIVE
A68: =IF(B68="","",ROW()-5) -> 63 | B68: ARIEL LIMBO | C68: N/A | F68: ACTIVE | G68: R | H68: EMILITA RIVERA | J68: BLK 46 | K68: 1 | N68: ACTIVE
A69: =IF(B69="","",ROW()-5) -> 64 | B69: ARIEL O. DEL ROSARIO | C69: N/A | F69: ACTIVE | G69: R | J69: BLK 49 | K69: 27C
A70: =IF(B70="","",ROW()-5) -> 65 | B70: ARIEL TAROY | C70: THIRD GEN | F70: ACTIVE | G70: R | H70: JOVELYN ANDAYA | J70: BLK 3 | K70: 18 | N70: ACTIVE
A71: =IF(B71="","",ROW()-5) -> 66 | B71: ARISTEO MIRANDA | C71: N/A | F71: ACTIVE | G71: R | H71: EMMA DUCAY | J71: BLOCK 4
A72: =IF(B72="","",ROW()-5) -> 67 | B72: ARISTOTLE M. PASCUAL | C72: N/A | F72: ACTIVE | G72: PH | H72: LIGAYA V. PASCUAL | J72: BLK 5 | K72: 11 | N72: ACTIVE
A73: =IF(B73="","",ROW()-5) -> 68 | B73: ARLIE SALAMAT | C73: N/A | F73: ACTIVE | G73: PH | H73: ARCELI SALAMAT | I73: SENIOR | J73: BLK 45 | K73: 11 | N73: ACTIVE
A74: =IF(B74="","",ROW()-5) -> 69 | B74: ARLITO OIRA | C74: N/A | F74: UNREGISTERED | G74: PH | H74: ROWENA S. BILLONES | J74: BLK 1 | K74: 1 | M74: 0867B | N74: ACTIVE
A75: =IF(B75="","",ROW()-5) -> 70 | B75: ARMANDO GUILLEN | C75: BRGY. OFFICIALS | F75: ACTIVE | G75: PH | H75: MARISSA NARRIDO | J75: BLK 46 | K75: 30 | N75: ACTIVE
A76: =IF(B76="","",ROW()-5) -> 71 | B76: ARNALDO QUIÑONES SR. | C76: SENIOR | F76: ACTIVE | G76: PH | H76: MA. TERESA QUIÑONES | J76: BLK 41 | K76: 4 | N76: ACTIVE
A77: =IF(B77="","",ROW()-5) -> 72 | B77: ARNANDO CLAWIN | C77: SENIOR | F77: ACTIVE | G77: PH | J77: BLK 46 | K77: 6
A78: =IF(B78="","",ROW()-5) -> 73 | B78: ARNIE ANCHETA | C78: N/A | F78: ACTIVE | G78: R | H78: MARISSA ANCHETA | J78: BLK 5 | K78: 39 | N78: ACTIVE
A79: =IF(B79="","",ROW()-5) -> 74 | B79: ARNIE LOZANDE | C79: N/A | F79: ACTIVE | G79: R | H79: ANDREY MALIBIRAN | J79: BLK 5 | K79: 32 | N79: ACTIVE
A80: =IF(B80="","",ROW()-5) -> 75 | B80: ARNOLD A. SANTOS JR. | C80: N/A | F80: ACTIVE | G80: R | J80: BLK 41 | K80: 24
A81: =IF(B81="","",ROW()-5) -> 76 | B81: ARNOLD M. COLINARES | C81: N/A | F81: ACTIVE | G81: R | H81: GELLYN B. PUNZALAN | J81: BLOCK 4 | K81: 21 | N81: ACTIVE
A82: =IF(B82="","",ROW()-5) -> 77 | B82: ARNOLD PICORRO | C82: N/A | F82: UNREGISTERED | G82: R | H82: RUBY ANA PICORRO | J82: BLK 45 | K82: 4A | N82: ACTIVE
A83: =IF(B83="","",ROW()-5) -> 78 | B83: ARNOLD SANTOS | C83: N/A | F83: ACTIVE | G83: R | H83: REMEDIOS SANTOS | J83: BLK 41 | K83: 24 | N83: ACTIVE
A84: =IF(B84="","",ROW()-5) -> 79 | B84: ARNULFO DAVID | C84: N/A | F84: UNREGISTERED | G84: N/A | H84: ANIESA DAVID | J84: BLK 3 | K84: 26 | N84: ACTIVE
A85: =IF(B85="","",ROW()-5) -> 80 | B85: AROB CHRISTOPHER S. AVILES | C85: N/A | F85: INACTIVE | G85: N/A | H85: CHRISTINE TORIO AVILES | J85: BLK 3 | K85: 10 | N85: UNREGISTERED
A86: =IF(B86="","",ROW()-5) -> 81 | B86: ARTURO M DAGAL | C86: SENIOR | F86: ACTIVE | G86: PH | H86: CAROLINA M DAGAL | I86: SENIOR | J86: BLK 45 | K86: 11B | N86: ACTIVE
A87: =IF(B87="","",ROW()-5) -> 82 | B87: ARTURO RIVERA | C87: N/A | F87: ACTIVE | G87: R | H87: JOY GUILLEN | J87: BLK 46 | K87: 1 | N87: ACTIVE
A88: =IF(B88="","",ROW()-5) -> 83 | B88: ARVIE F. SELORIO | C88: N/A | F88: ACTIVE | G88: R | H88: MARIBETH SELORIO | J88: BLK 5 | K88: 27 | N88: ACTIVE
A89: =IF(B89="","",ROW()-5) -> 84 | B89: ARVIN P. BALOFIÑOS | C89: N/A | F89: ACTIVE | G89: PH | H89: JONIS A. BALOFIÑOS | I89: KDBM | J89: BLK 49 | K89: 27 | N89: ACTIVE
A90: =IF(B90="","",ROW()-5) -> 85 | B90: ARWILL FULONG | C90: N/A | F90: UNREGISTERED | G90: N/A | H90: HAZEL L ESCUDERO | J90: BLK 46 | K90: 8 | N90: ACTIVE
A91: =IF(B91="","",ROW()-5) -> 86 | B91: AUGUSTO D. ARCILLA | C91: BRGY. OFFICIALS | F91: ACTIVE | G91: PH | J91: BLK 5 | K91: 24
A92: =IF(B92="","",ROW()-5) -> 87 | B92: AURORA LAZARO | C92: SENIOR | F92: ACTIVE | G92: PH | J92: BLOCK 4
A93: =IF(B93="","",ROW()-5) -> 88 | B93: AXL JOHN M. SORIANO | C93: N/A | F93: UNREGISTERED | G93: R | H93: MELYN ANN M. BENIS | J93: BLOCK 4 | K93: 22 | N93: ACTIVE
A94: =IF(B94="","",ROW()-5) -> 89 | B94: BALIJINDER KUMAR | C94: N/A | F94: UNREGISTERED | G94: R | H94: RONALYN KUMAR | J94: BLK 3 | K94: 11 | N94: ACTIVE
A95: =IF(B95="","",ROW()-5) -> 90 | B95: BAMBINO P. PAZ | C95: SENIOR | F95: ACTIVE | G95: PH | H95: EDITA L. PAZ | I95: SENIOR | J95: BLOCK 4 | K95: 21 | N95: ACTIVE
A96: =IF(B96="","",ROW()-5) -> 91 | B96: BENEDICTO SALAMAT | C96: BRGY. OFFICIALS | F96: ACTIVE | G96: PH | J96: BLK 1
A97: =IF(B97="","",ROW()-5) -> 92 | B97: BENIDICT L GALLARDO | C97: N/A | F97: ACTIVE | G97: R | H97: MAECHELLE LABANTOCIA | J97: BLK 46 | K97: 9A | N97: UNREGISTERED
A98: =IF(B98="","",ROW()-5) -> 93 | B98: BENJAMIN DUCA | C98: BRGY. OFFICIALS | F98: ACTIVE | G98: PH | J98: BLK 41
A99: =IF(B99="","",ROW()-5) -> 94 | B99: BENJAMIN H. GUTIERREZ | C99: N/A | F99: ACTIVE | G99: R | H99: ANNALYN IBARRA | J99: BLK 45 | K99: 36 | N99: ACTIVE
A100: =IF(B100="","",ROW()-5) -> 95 | B100: BENJIE PALABAY | C100: N/A | F100: ACTIVE | G100: R | H100: RICA PALABAY | I100: KDBM | J100: BLOCK 4 | K100: 23 | N100: UNREGISTERED
A101: =IF(B101="","",ROW()-5) -> 96 | B101: BERNADETHE T. MACABENTA | C101: BRGY. OFFICIALS | F101: ACTIVE | G101: PH | J101: BLK 45
A102: =IF(B102="","",ROW()-5) -> 97 | B102: BERNARD SARMIENTO | C102: SENIOR | F102: ACTIVE | G102: R | H102: ARLINE LIGAYAN | J102: BLK 45 | K102: 35 | N102: ACTIVE
...

Sheet CHILDREN
A1: BARANGAY SAN MIGUEL II DATA GATHERING FOR THE CHILDREN
A4: COUNT | B4: FULL NAME | E4: FULL NAME | F4: BRGY. OFFICIALS / 4PS / SOLO PARENT / PWD / KDBM / THIRD GEN. | G4: MM/DD/YYYY | H4: VOTER REGISTRATION | J4: FOR CHECKING | K4: BLK
A5: NO. | B5: SURNAME | C5: FIRSTNAME | D5: MI | E5: HEAD OF THE FAMILY | F5: CATEGORY | G5: BIRTHDAY | H5: PRECINT NO. | I5: STATUS | J5: REMARKS
A6: =IF(B6="","",ROW()-5) -> 1 | B6: BILLONES | C6: NELJOHN | E6: NELVIN BILLONES | K6: =VLOOKUP(E6,'HEAD OF THE FAMILY'!$B$6:$J1851,9,FALSE) -> BLK 1
A7: =IF(B7="","",ROW()-5) -> 2 | B7: BILLONES | C7: PRECIUS YHANA | E7: NELVIN BILLONES | K7: =VLOOKUP(E7,'HEAD OF THE FAMILY'!$B$6:$J1851,9,FALSE) -> BLK 1
A8: =IF(B8="","",ROW()-5) -> 3 | B8: BILLONES | C8: PRINCE YUAN | E8: NELVIN BILLONES | K8: =VLOOKUP(E8,'HEAD OF THE FAMILY'!$B$6:$J1851,9,FALSE) -> BLK 1
A9: =IF(B9="","",ROW()-5) -> 4 | B9: BILLONES | C9: NERISSA | D9: P. | E9: NELVIN BILLONES | J9: SENIOR/FOR CHECKING | K9: =VLOOKUP(E9,'HEAD OF THE FAMILY'!$B$6:$J1851,9,FALSE) -> BLK 1
A10: =IF(B10="","",ROW()-5) -> 5 | B10: BILLONES | C10: MARK GIL AERON | D10: P. | E10: ROGELIO S. BILLONES | K10: =VLOOKUP(E10,'HEAD OF THE FAMILY'!$B$6:$J1851,9,FALSE) -> BLK 1
A11: =IF(B11="","",ROW()-5) -> 6 | B11: MARTIN | C11: MARIANNE MILES | E11: NORMAN BILLONES | K11: =VLOOKUP(E11,'HEAD OF THE FAMILY'!$B$6:$J1851,9,FALSE) -> BLK 1
A12: =IF(B12="","",ROW()-5) -> 7 | B12: BILLONES | C12: JOHN VILLMAR | D12: M. | E12: NORMAN BILLONES | K12: =VLOOKUP(E12,'HEAD OF THE FAMILY'!$B$6:$J1851,9,FALSE) -> BLK 1
A13: =IF(B13="","",ROW()-5) -> 8 | B13: BILLONES | C13: SHARESCA MILES | D13: M. | E13: NORMAN BILLONES | K13: =VLOOKUP(E13,'HEAD OF THE FAMILY'!$B$6:$J1851,9,FALSE) -> BLK 1
A14: =IF(B14="","",ROW()-5) -> 9 | B14: BILLONES | C14: AYRA NAINE | D14: M. | E14: NORMAN BILLONES | K14: =VLOOKUP(E14,'HEAD OF THE FAMILY'!$B$6:$J1851,9,FALSE) -> BLK 1
A15: =IF(B15="","",ROW()-5) -> 10 | B15: BILLONES | C15: STEPHEN GAEL | D15: M. | E15: NORMAN BILLONES | K15: =VLOOKUP(E15,'HEAD OF THE FAMILY'!$B$6:$J1851,9,FALSE) -> BLK 1
A16: =IF(B16="","",ROW()-5) -> 11 | B16: BILLONES | C16: E.R | E16: NORMAN BILLONES | K16: =VLOOKUP(E16,'HEAD OF THE FAMILY'!$B$6:$J1851,9,FALSE) -> BLK 1
A17: =IF(B17="","",ROW()-5) -> 12 | B17: LABUTIN | C17: JHONROGELIO | D17: B. | E17: ROGELIO A. LABUTIN | K17: =VLOOKUP(E17,'HEAD OF THE FAMILY'!$B$6:$J1851,9,FALSE) -> BLK 1
A18: =IF(B18="","",ROW()-5) -> 13 | B18: LABUTIN | C18: ARZEL | D18: B. | E18: ROGELIO A. LABUTIN | K18: =VLOOKUP(E18,'HEAD OF THE FAMILY'!$B$6:$J1851,9,FALSE) -> BLK 1
A19: =IF(B19="","",ROW()-5) -> 14 | B19: AYUDAN | C19: MARIA PAULIN | D19: C. | E19: RENATO AYUDAN | K19: =VLOOKUP(E19,'HEAD OF THE FAMILY'!$B$6:$J1851,9,FALSE) -> BLK 1
A20: =IF(B20="","",ROW()-5) -> 15 | B20: LAOLA | C20: ELLA | D20: C. | E20: RENATO AYUDAN | K20: =VLOOKUP(E20,'HEAD OF THE FAMILY'!$B$6:$J1851,9,FALSE) -> BLK 1
A21: =IF(B21="","",ROW()-5) -> 16 | B21: SALAMAT | C21: SHAWN JAYVE | E21: SHERWIN JAY SALAMAT | K21: =VLOOKUP(E21,'HEAD OF THE FAMILY'!$B$6:$J1851,9,FALSE) -> BLK 1
A22: =IF(B22="","",ROW()-5) -> 17 | B22: SALAMAT | C22: SHAMARA JHADE | E22: SHERWIN JAY SALAMAT | K22: =VLOOKUP(E22,'HEAD OF THE FAMILY'!$B$6:$J1851,9,FALSE) -> BLK 1
A23: =IF(B23="","",ROW()-5) -> 18 | B23: MIRASOL | C23: JEFFREY S. MIRASOL | J23: FOR CHECKING | K23: =VLOOKUP(E23,'HEAD OF THE FAMILY'!$B$6:$J1851,9,FALSE) -> #N/A
A24: =IF(B24="","",ROW()-5) -> 19 | B24: BADAGUAS | C24: JASMIR ALI | D24: M. | E24: JENNALYN S. MIRASOL | K24: =VLOOKUP(E24,'HEAD OF THE FAMILY'!$B$6:$J1851,9,FALSE) -> BLK 1
A25: =IF(B25="","",ROW()-5) -> 20 | B25: LEBOSADA | C25: JANEGELLE | D25: H. | E25: AGAPITO A. HILARIO | K25: =VLOOKUP(E25,'HEAD OF THE FAMILY'!$B$6:$J1851,9,FALSE) -> BLK 1
A26: =IF(B26="","",ROW()-5) -> 21 | B26: CABRERA | C26: JAYCEERYN | D26: H. | E26: AGAPITO A. HILARIO | K26: =VLOOKUP(E26,'HEAD OF THE FAMILY'!$B$6:$J1851,9,FALSE) -> BLK 1
A27: =IF(B27="","",ROW()-5) -> 22 | B27: AMASA | C27: PRIMO KIEL | E27: PRINCE NHIMWELL L. AMASA | K27: =VLOOKUP(E27,'HEAD OF THE FAMILY'!$B$6:$J1851,9,FALSE) -> BLK 1
A28: =IF(B28="","",ROW()-5) -> 23 | B28: AMASA | C28: PRINCE NHIMWELL | D28: L. | E28: NHOEL D. AMASA | K28: =VLOOKUP(E28,'HEAD OF THE FAMILY'!$B$6:$J1851,9,FALSE) -> BLK 1
A29: =IF(B29="","",ROW()-5) -> 24 | B29: AMASA | C29: NHICOLE | D29: L. | E29: NHOEL D. AMASA | K29: =VLOOKUP(E29,'HEAD OF THE FAMILY'!$B$6:$J1851,9,FALSE) -> BLK 1
A30: =IF(B30="","",ROW()-5) -> 25 | B30: AMASA | C30: NHATALEE | D30: L. | E30: NHOEL D. AMASA | K30: =VLOOKUP(E30,'HEAD OF THE FAMILY'!$B$6:$J1851,9,FALSE) -> BLK 1
A31: =IF(B31="","",ROW()-5) -> 26 | B31: AMASA | C31: ANGELITO | D31: L. | E31: NHOEL D. AMASA | K31: =VLOOKUP(E31,'HEAD OF THE FAMILY'!$B$6:$J1851,9,FALSE) -> BLK 1
A32: =IF(B32="","",ROW()-5) -> 27 | B32: AMASA | C32: ROY | E32: NELSON D. AMASA | K32: =VLOOKUP(E32,'HEAD OF THE FAMILY'!$B$6:$J1851,9,FALSE) -> BLK 1
A33: =IF(B33="","",ROW()-5) -> 28 | B33: AMASA | C33: JOSEPH | D33: I. | E33: JOSHUA D. AMASA | K33: =VLOOKUP(E33,'HEAD OF THE FAMILY'!$B$6:$J1851,9,FALSE) -> BLK 1
A34: =IF(B34="","",ROW()-5) -> 29 | B34: BULOS | C34: DAPHNE CHLOE | E34: JENNY C. HUGO | K34: =VLOOKUP(E34,'HEAD OF THE FAMILY'!$B$6:$J1851,9,FALSE) -> BLK 1
A35: =IF(B35="","",ROW()-5) -> 30 | B35: BULOS | C35: DAMIANE JHON | E35: JENNY C. HUGO | K35: =VLOOKUP(E35,'HEAD OF THE FAMILY'!$B$6:$J1851,9,FALSE) -> BLK 1
A36: =IF(B36="","",ROW()-5) -> 31 | B36: BULOS | C36: DARRISE JUDIEL | E36: JENNY C. HUGO | K36: =VLOOKUP(E36,'HEAD OF THE FAMILY'!$B$6:$J1851,9,FALSE) -> BLK 1
A37: =IF(B37="","",ROW()-5) -> 32 | B37: PARAS | C37: JANICE | E37: DILLON PARAS | K37: =VLOOKUP(E37,'HEAD OF THE FAMILY'!$B$6:$J1851,9,FALSE) -> BLK 1
A38: =IF(B38="","",ROW()-5) -> 33 | B38: PARAS | C38: ESTIAN | E38: DILLON PARAS | K38: =VLOOKUP(E38,'HEAD OF THE FAMILY'!$B$6:$J1851,9,FALSE) -> BLK 1
A39: =IF(B39="","",ROW()-5) -> 34 | B39: CHRISTIAN | C39: JOSON | E39: VIRGILIO JOSON | K39: =VLOOKUP(E39,'HEAD OF THE FAMILY'!$B$6:$J1851,9,FALSE) -> BLK 1
A40: =IF(B40="","",ROW()-5) -> 35 | B40: PARAS | C40: FAITH | E40: MICHELLE PARAS | K40: =VLOOKUP(E40,'HEAD OF THE FAMILY'!$B$6:$J1851,9,FALSE) -> BLK 1
A41: =IF(B41="","",ROW()-5) -> 36 | B41: RAFIÑAN | C41: KING STANLEY | E41: JONATHAN RAFIÑAN | K41: =VLOOKUP(E41,'HEAD OF THE FAMILY'!$B$6:$J1851,9,FALSE) -> BLK 1
A42: =IF(B42="","",ROW()-5) -> 37 | B42: RAFIÑAN | C42: JACK NATHAN | E42: JONATHAN RAFIÑAN | K42: =VLOOKUP(E42,'HEAD OF THE FAMILY'!$B$6:$J1851,9,FALSE) -> BLK 1
A43: =IF(B43="","",ROW()-5) -> 38 | B43: RAFIÑAN | C43: SHYLONA | E43: JONATHAN RAFIÑAN | K43: =VLOOKUP(E43,'HEAD OF THE FAMILY'!$B$6:$J1851,9,FALSE) -> BLK 1
A44: =IF(B44="","",ROW()-5) -> 39 | B44: TAJARAN | C44: JOHN MICHAEL | E44: JUANITO TAJARAN | K44: =VLOOKUP(E44,'HEAD OF THE FAMILY'!$B$6:$J1851,9,FALSE) -> BLK 1
A45: =IF(B45="","",ROW()-5) -> 40 | B45: PEREZ | C45: YVANNA LOUISE | E45: JASMINE PERES | K45: =VLOOKUP(E45,'HEAD OF THE FAMILY'!$B$6:$J1851,9,FALSE) -> #N/A
A46: =IF(B46="","",ROW()-5) -> 41 | B46: PEREZ | C46: MARC BENEDICT | E46: JASMINE PERES | K46: =VLOOKUP(E46,'HEAD OF THE FAMILY'!$B$6:$J1851,9,FALSE) -> #N/A
A47: =IF(B47="","",ROW()-5) -> 42 | B47: PEREZ | C47: MARC BENNET | E47: JASMINE PERES | K47: =VLOOKUP(E47,'HEAD OF THE FAMILY'!$B$6:$J1851,9,FALSE) -> #N/A
A48: =IF(B48="","",ROW()-5) -> 43 | B48: DOMINGO | C48: ALEXANDRA MEI | D48: P. | E48: CHARLIE S. DOMINGO | K48: =VLOOKUP(E48,'HEAD OF THE FAMILY'!$B$6:$J1851,9,FALSE) -> BLK 1
A49: =IF(B49="","",ROW()-5) -> 44 | B49: DOMINGO | C49: MARC IVAN | D49: P. | E49: CHARLIE S. DOMINGO | K49: =VLOOKUP(E49,'HEAD OF THE FAMILY'!$B$6:$J1851,9,FALSE) -> BLK 1
A50: =IF(B50="","",ROW()-5) -> 45 | B50: FLORES | C50: JEROME | D50: J. | E50: SALVADOR M. FLORES | F50: BRGY. OFFICIALS, THIRD GEN | K50: =VLOOKUP(E50,'HEAD OF THE FAMILY'!$B$6:$J1851,9,FALSE) -> BLK 1
A51: =IF(B51="","",ROW()-5) -> 46 | B51: FLORES | C51: JOMAR | D51: J. | E51: SALVADOR M. FLORES | F51: THIRD GEN | K51: =VLOOKUP(E51,'HEAD OF THE FAMILY'!$B$6:$J1851,9,FALSE) -> BLK 1
A52: =IF(B52="","",ROW()-5) -> 47 | B52: FLORES | C52: JERMAINE | D52: J. | E52: SALVADOR M. FLORES | F52: THIRD GEN | K52: =VLOOKUP(E52,'HEAD OF THE FAMILY'!$B$6:$J1851,9,FALSE) -> BLK 1
A53: =IF(B53="","",ROW()-5) -> 48 | B53: QUIMBAO | C53: LUCAS ELAIJA | D53: F. | E53: SALVADOR M. FLORES | K53: =VLOOKUP(E53,'HEAD OF THE FAMILY'!$B$6:$J1851,9,FALSE) -> BLK 1
A54: =IF(B54="","",ROW()-5) -> 49 | B54: RAFIÑAN | C54: NATALIE JOYCE | E54: ANATALIA J. RAFIÑAN | K54: =VLOOKUP(E54,'HEAD OF THE FAMILY'!$B$6:$J1851,9,FALSE) -> BLK 1
A55: =IF(B55="","",ROW()-5) -> 50 | B55: LIMBARING | C55: ARRITRA GAIA | E55: ANATALIA J. RAFIÑAN | K55: =VLOOKUP(E55,'HEAD OF THE FAMILY'!$B$6:$J1851,9,FALSE) -> BLK 1
A56: =IF(B56="","",ROW()-5) -> 51 | B56: GALEON | C56: ANA MARIA | E56: MARIA DOLORES L. GALEON | K56: =VLOOKUP(E56,'HEAD OF THE FAMILY'!$B$6:$J1851,9,FALSE) -> BLK 1
A57: =IF(B57="","",ROW()-5) -> 52 | B57: GALEON | C57: MARIANNA | E57: MARIA DOLORES L. GALEON | K57: =VLOOKUP(E57,'HEAD OF THE FAMILY'!$B$6:$J1851,9,FALSE) -> BLK 1
A58: =IF(B58="","",ROW()-5) -> 53 | B58: VALERIO | C58: SOPHIA | D58: L. | E58: JOSEPH ANTHONY L. VALERIO | K58: =VLOOKUP(E58,'HEAD OF THE FAMILY'!$B$6:$J1851,9,FALSE) -> BLK 1
A59: =IF(B59="","",ROW()-5) -> 54 | B59: PAPA | C59: LADY FHERCIA MHARIZ PAPA | E59: FERDINAND PAPA | K59: =VLOOKUP(E59,'HEAD OF THE FAMILY'!$B$6:$J1851,9,FALSE) -> BLK 1
A60: =IF(B60="","",ROW()-5) -> 55 | B60: PAPA | C60: THIRDIE | E60: FERDINAND PAPA | K60: =VLOOKUP(E60,'HEAD OF THE FAMILY'!$B$6:$J1851,9,FALSE) -> BLK 1
A61: =IF(B61="","",ROW()-5) -> 56 | B61: PAPA | C61: ANTHONY | E61: CARLOS PAPA | K61: =VLOOKUP(E61,'HEAD OF THE FAMILY'!$B$6:$J1851,9,FALSE) -> BLK 1
A62: =IF(B62="","",ROW()-5) -> 57 | B62: PAPA | C62: ALYSSA CARLA | E62: CARLOS PAPA | K62: =VLOOKUP(E62,'HEAD OF THE FAMILY'!$B$6:$J1851,9,FALSE) -> BLK 1
A63: =IF(B63="","",ROW()-5) -> 58 | B63: PAPA | C63: ZAKIA | E63: FREDDIE PAPA | K63: =VLOOKUP(E63,'HEAD OF THE FAMILY'!$B$6:$J1851,9,FALSE) -> BLK 1
A64: =IF(B64="","",ROW()-5) -> 59 | B64: CIPRIANO | C64: CHLOE | E64: CLIFFORD CIPRIAMNO | K64: =VLOOKUP(E64,'HEAD OF THE FAMILY'!$B$6:$J1851,9,FALSE) -> BLK 1
A65: =IF(B65="","",ROW()-5) -> 60 | B65: NAVARRO | C65: JHON NAVARRO | E65: EMILY G. NAVARRO | K65: =VLOOKUP(E65,'HEAD OF THE FAMILY'!$B$6:$J1851,9,FALSE) -> BLK 1
A66: =IF(B66="","",ROW()-5) -> 61 | B66: NAVARRO | C66: THERES | E66: EMILY G. NAVARRO | K66: =VLOOKUP(E66,'HEAD OF THE FAMILY'!$B$6:$J1851,9,FALSE) -> BLK 1
A67: =IF(B67="","",ROW()-5) -> 62 | B67: NAVARRO | C67: CATY | E67: EMILY G. NAVARRO | K67: =VLOOKUP(E67,'HEAD OF THE FAMILY'!$B$6:$J1851,9,FALSE) -> BLK 1
A68: =IF(B68="","",ROW()-5) -> 63 | B68: NAVARRO | C68: SUNNY | E68: EMILY G. NAVARRO | K68: =VLOOKUP(E68,'HEAD OF THE FAMILY'!$B$6:$J1851,9,FALSE) -> BLK 1
A69: =IF(B69="","",ROW()-5) -> 64 | B69: NAVARRO | C69: GRACE | E69: EMILY G. NAVARRO | K69: =VLOOKUP(E69,'HEAD OF THE FAMILY'!$B$6:$J1851,9,FALSE) -> BLK 1
A70: =IF(B70="","",ROW()-5) -> 65 | B70: NAVARRO | C70: MYKEL | E70: EMILY G. NAVARRO | K70: =VLOOKUP(E70,'HEAD OF THE FAMILY'!$B$6:$J1851,9,FALSE) -> BLK 1
A71: =IF(B71="","",ROW()-5) -> 66 | B71: RESURRECCION | C71: JOHN REY | E71: ANNA LIZA HAYAG | K71: =VLOOKUP(E71,'HEAD OF THE FAMILY'!$B$6:$J1851,9,FALSE) -> BLK 1
A72: =IF(B72="","",ROW()-5) -> 67 | B72: RESURRECCION | C72: JOHN RED | E72: ANNA LIZA HAYAG | K72: =VLOOKUP(E72,'HEAD OF THE FAMILY'!$B$6:$J1851,9,FALSE) -> BLK 1
A73: =IF(B73="","",ROW()-5) -> 68 | B73: HAYAG | C73: TRIXIE | E73: RESHTIAN HAYAG | K73: =VLOOKUP(E73,'HEAD OF THE FAMILY'!$B$6:$J1851,9,FALSE) -> BLK 1
A74: =IF(B74="","",ROW()-5) -> 69 | B74: MIRASOL | C74: RESH JOHN | E74: RESHTIAN HAYAG | K74: =VLOOKUP(E74,'HEAD OF THE FAMILY'!$B$6:$J1851,9,FALSE) -> BLK 1
A75: =IF(B75="","",ROW()-5) -> 70 | B75: PAJE | C75: PRINCE HENRY | E75: ELISABETH H. PAJE | K75: =VLOOKUP(E75,'HEAD OF THE FAMILY'!$B$6:$J1851,9,FALSE) -> BLK 1
A76: =IF(B76="","",ROW()-5) -> 71 | B76: SISON | C76: ELLIE CATHLYN | E76: TRISHA SISON | K76: =VLOOKUP(E76,'HEAD OF THE FAMILY'!$B$6:$J1851,9,FALSE) -> BLK 1
A77: =IF(B77="","",ROW()-5) -> 72 | B77: HAYAG | C77: RESTY | E77: TERESITA HAYAG | K77: =VLOOKUP(E77,'HEAD OF THE FAMILY'!$B$6:$J1851,9,FALSE) -> BLK 1
A78: =IF(B78="","",ROW()-5) -> 73 | B78: MORANTE | C78: CHRISTIAN JEFF | E78: DOMINADOR MORANTE JR. | K78: =VLOOKUP(E78,'HEAD OF THE FAMILY'!$B$6:$J1851,9,FALSE) -> BLK 1
A79: =IF(B79="","",ROW()-5) -> 74 | B79: MORANTE | C79: JERRICK | E79: DOMINADOR MORANTE JR. | K79: =VLOOKUP(E79,'HEAD OF THE FAMILY'!$B$6:$J1851,9,FALSE) -> BLK 1
A80: =IF(B80="","",ROW()-5) -> 75 | B80: MORANTE | C80: MARIA ARUELICA | E80: DOMINADOR MORANTE JR. | K80: =VLOOKUP(E80,'HEAD OF THE FAMILY'!$B$6:$J1851,9,FALSE) -> BLK 1
A81: =IF(B81="","",ROW()-5) -> 76 | B81: SALAMAT | C81: MADELINE | E81: BIMBO ACUZAR | K81: =VLOOKUP(E81,'HEAD OF THE FAMILY'!$B$6:$J1851,9,FALSE) -> BLK 1
A82: =IF(B82="","",ROW()-5) -> 77 | B82: MORANTE | C82: CEDRICK | E82: JOSELITO MORANTE | K82: =VLOOKUP(E82,'HEAD OF THE FAMILY'!$B$6:$J1851,9,FALSE) -> BLK 1
A83: =IF(B83="","",ROW()-5) -> 78 | B83: MORANTE | C83: MARVIN | E83: JOSELITO MORANTE | K83: =VLOOKUP(E83,'HEAD OF THE FAMILY'!$B$6:$J1851,9,FALSE) -> BLK 1
A84: =IF(B84="","",ROW()-5) -> 79 | B84: PASCO | C84: RICK JAY | E84: JERICK PASCO | K84: =VLOOKUP(E84,'HEAD OF THE FAMILY'!$B$6:$J1851,9,FALSE) -> BLK 1
A85: =IF(B85="","",ROW()-5) -> 80 | B85: PASCO | C85: RICK JOHN | E85: JERICK PASCO | K85: =VLOOKUP(E85,'HEAD OF THE FAMILY'!$B$6:$J1851,9,FALSE) -> BLK 1
A86: =IF(B86="","",ROW()-5) -> 81 | B86: PASCO | C86: ROSE ANN JOY | E86: JERICK PASCO | K86: =VLOOKUP(E86,'HEAD OF THE FAMILY'!$B$6:$J1851,9,FALSE) -> BLK 1
A87: =IF(B87="","",ROW()-5) -> 82 | B87: PASCO | C87: RICK JOSHUA | E87: JERICK PASCO | K87: =VLOOKUP(E87,'HEAD OF THE FAMILY'!$B$6:$J1851,9,FALSE) -> BLK 1
A88: =IF(B88="","",ROW()-5) -> 83 | B88: PASCO | C88: RICK JAZTINE | E88: JERICK PASCO | K88: =VLOOKUP(E88,'HEAD OF THE FAMILY'!$B$6:$J1851,9,FALSE) -> BLK 1
A89: =IF(B89="","",ROW()-5) -> 84 | B89: PASCO | C89: RAZIE JANE | E89: JERICK PASCO | K89: =VLOOKUP(E89,'HEAD OF THE FAMILY'!$B$6:$J1851,9,FALSE) -> BLK 1
A90: =IF(B90="","",ROW()-5) -> 85 | B90: VICTORIANO | C90: ARJHEN NICOLE | E90: ARIEL C. VICTORIANO | K90: =VLOOKUP(E90,'HEAD OF THE FAMILY'!$B$6:$J1851,9,FALSE) -> BLK 1
A91: =IF(B91="","",ROW()-5) -> 86 | B91: MAGHANOY | C91: GIAN ARRIANE | D91: M. | E91: ROBERT B. MALAZARTE | K91: =VLOOKUP(E91,'HEAD OF THE FAMILY'!$B$6:$J1851,9,FALSE) -> BLK 1
A92: =IF(B92="","",ROW()-5) -> 87 | B92: SAMONTE | C92: FRANCIS DION | D92: M. | E92: PRETTY PET M. SAMONTE | K92: =VLOOKUP(E92,'HEAD OF THE FAMILY'!$B$6:$J1851,9,FALSE) -> BLK 1
A93: =IF(B93="","",ROW()-5) -> 88 | B93: RANCIO | C93: ALYNNA CIELA | E93: KAREN L. CRUZ | K93: =VLOOKUP(E93,'HEAD OF THE FAMILY'!$B$6:$J1851,9,FALSE) -> BLK 1
A94: =IF(B94="","",ROW()-5) -> 89 | B94: PATALINGHUG | C94: ELISHA | D94: R. | E94: KAREN L. CRUZ | K94: =VLOOKUP(E94,'HEAD OF THE FAMILY'!$B$6:$J1851,9,FALSE) -> BLK 1
A95: =IF(B95="","",ROW()-5) -> 90 | B95: BELTRAN | C95: YUEN AYESHA | E95: NEILSON M. BELTRAN | K95: =VLOOKUP(E95,'HEAD OF THE FAMILY'!$B$6:$J1851,9,FALSE) -> #N/A
A96: =IF(B96="","",ROW()-5) -> 91 | B96: BELTRAN | C96: YOHANN ZYRUS | E96: NEILSON M. BELTRAN | K96: =VLOOKUP(E96,'HEAD OF THE FAMILY'!$B$6:$J1851,9,FALSE) -> #N/A
A97: =IF(B97="","",ROW()-5) -> 92 | B97: BELTRAN | C97: YSON ZEN | E97: NEILSON M. BELTRAN | K97: =VLOOKUP(E97,'HEAD OF THE FAMILY'!$B$6:$J1851,9,FALSE) -> #N/A
A98: =IF(B98="","",ROW()-5) -> 93 | B98: CAMPAÑA | C98: ALMA | E98: ALEXANDER CAMPAÑA | K98: =VLOOKUP(E98,'HEAD OF THE FAMILY'!$B$6:$J1851,9,FALSE) -> BLK 1
A99: =IF(B99="","",ROW()-5) -> 94 | B99: CAMPAÑA | C99: ALEXIS MIGUEL | E99: ALEXANDER CAMPAÑA | K99: =VLOOKUP(E99,'HEAD OF THE FAMILY'!$B$6:$J1851,9,FALSE) -> BLK 1
A100: =IF(B100="","",ROW()-5) -> 95 | B100: BELTRAN | C100: PAMFS BRYLE ANDREI | E100: LORENA BELTRAN | K100: =VLOOKUP(E100,'HEAD OF THE FAMILY'!$B$6:$J1851,9,FALSE) -> BLK 1
A101: =IF(B101="","",ROW()-5) -> 96 | B101: CABIS | C101: PHEONA ANDREA MAE | E101: LORENA BELTRAN | K101: =VLOOKUP(E101,'HEAD OF THE FAMILY'!$B$6:$J1851,9,FALSE) -> BLK 1
A102: =IF(B102="","",ROW()-5) -> 97 | B102: CABIS | C102: PRINCESS ALHANE | E102: LORENA BELTRAN | K102: =VLOOKUP(E102,'HEAD OF THE FAMILY'!$B$6:$J1851,9,FALSE) -> BLK 1
...

Sheet OVERVIEWS
L3: PLEASE DONT TOUCH ANYTHING
B4: BARANGAY SAN MIGUEL 2 TOTAL
B5: HEAD OF THE FAMILY: | C5: =COUNT('HEAD OF THE FAMILY'!A6:A1007) -> 819
B6: CHILDREN: | C6: =COUNT(CHILDREN!A6:A1007) -> 1430
B7: SENIOR: | C7: =SUM(D13:E14,D20:E21,D27:E28,D34:E35,I13:J14,I20:J21,I27:J28,I34:J35) -> 232
D8: ACTIVE
B9: BARANGAY SAN MIGUEL 2 TOTAL | D9: REGISTRATION | G9: BARANGAY SAN MIGUEL 2 TOTAL | I9: REGISTRATION
B10: BLOCK: | C10: BLK 1 | D10: HEAD | E10: PARTNER | G10: BLOCK: | H10: BLK 41 | I10: HEAD | J10: PARTNER
B11: HEAD OF THE FAMILY: | C11: =COUNTIF('HEAD OF THE FAMILY'!$J$6:$J1007,C10) -> 69 | D11: =COUNTIFS('HEAD OF THE FAMILY'!$J$6:$J1007,C10,'HEAD OF THE FAMILY'!$F$6:$F1007,$D$8) -> 62 | E11: =COUNTIFS('HEAD OF THE FAMILY'!$J$6:$J1007,C10,'HEAD OF THE FAMILY'!$N$6:$N1007,$D$8) -> 14 | G11: HEAD OF THE FAMILY: | H11: =COUNTIF('HEAD OF THE FAMILY'!$J$6:$J1007,H10) -> 93 | I11: =COUNTIFS('HEAD OF THE FAMILY'!$J$6:$J1007,H10,'HEAD OF THE FAMILY'!$F$6:$F1007,$D$8) -> 82 | J11: =COUNTIFS('HEAD OF THE FAMILY'!$J$6:$J1007,H10,'HEAD OF THE FAMILY'!$N$6:$N1007,$D$8) -> 38
B12: CHILDREN: | C12: =COUNTIF(CHILDREN!$K$6:$K1007,C10) -> 102 | G12: CHILDREN: | H12: =COUNTIF(CHILDREN!$K$6:$K1007,H10) -> 157
C13: SENIOR | D13: =COUNTIFS('HEAD OF THE FAMILY'!$J$6:$J1007,C10,'HEAD OF THE FAMILY'!$C$6:$C1007,C13) -> 19 | E13: =COUNTIFS('HEAD OF THE FAMILY'!$J$6:$J1007,C10,'HEAD OF THE FAMILY'!$I$6:$I1007,C13) -> 4 | H13: SENIOR | I13: =COUNTIFS('HEAD OF THE FAMILY'!$J$6:$J1007,H10,'HEAD OF THE FAMILY'!$C$6:$C1007,H13) -> 25 | J13: =COUNTIFS('HEAD OF THE FAMILY'!$J$6:$J1007,H10,'HEAD OF THE FAMILY'!$I$6:$I1007,H13) -> 6
C14: BRGY. OFFICIALS, SENIOR | D14: =COUNTIFS('HEAD OF THE FAMILY'!$J$6:$J1007,C10,'HEAD OF THE FAMILY'!$C$6:$C1007,C14) -> 0 | E14: =COUNTIFS('HEAD OF THE FAMILY'!$J$6:$J1007,C10,'HEAD OF THE FAMILY'!$I$6:$I1007,C14) -> 0 | H14: BRGY. OFFICIALS, SENIOR | I14: =COUNTIFS('HEAD OF THE FAMILY'!$J$6:$J1007,H10,'HEAD OF THE FAMILY'!$C$6:$C1007,H14) -> 0 | J14: =COUNTIFS('HEAD OF THE FAMILY'!$J$6:$J1007,H10,'HEAD OF THE FAMILY'!$I$6:$I1007,H14) -> 0
B16: BARANGAY SAN MIGUEL 2 TOTAL | D16: REGISTRATION | G16: BARANGAY SAN MIGUEL 2 TOTAL | I16: REGISTRATION
B17: BLOCK: | C17: BLK 45 | D17: HEAD | E17: PARTNER | G17: BLOCK: | H17: BLK 46 | I17: HEAD | J17: PARTNER
B18: HEAD OF THE FAMILY: | C18: =COUNTIF('HEAD OF THE FAMILY'!$J$6:$J1007,C17) -> 113 | D18: =COUNTIFS('HEAD OF THE FAMILY'!$J$6:$J1007,C17,'HEAD OF THE FAMILY'!$F$6:$F1007,$D$8) -> 88 | E18: =COUNTIFS('HEAD OF THE FAMILY'!$J$6:$J1007,C17,'HEAD OF THE FAMILY'!$N$6:$N1007,$D$8) -> 54 | G18: HEAD OF THE FAMILY: | H18: =COUNTIF('HEAD OF THE FAMILY'!$J$6:$J1007,H17) -> 130 | I18: =COUNTIFS('HEAD OF THE FAMILY'!$J$6:$J1007,H17,'HEAD OF THE FAMILY'!$F$6:$F1007,$D$8) -> 107 | J18: =COUNTIFS('HEAD OF THE FAMILY'!$J$6:$J1007,H17,'HEAD OF THE FAMILY'!$N$6:$N1007,$D$8) -> 55
B19: CHILDREN: | C19: =COUNTIF(CHILDREN!$K$6:$K1007,C17) -> 191 | G19: CHILDREN: | H19: =COUNTIF(CHILDREN!$K$6:$K1007,H17) -> 191
C20: SENIOR | D20: =COUNTIFS('HEAD OF THE FAMILY'!$J$6:$J1007,C17,'HEAD OF THE FAMILY'!$C$6:$C1007,C20) -> 29 | E20: =COUNTIFS('HEAD OF THE FAMILY'!$J$6:$J1007,C17,'HEAD OF THE FAMILY'!$I$6:$I1007,C20) -> 10 | H20: SENIOR | I20: =COUNTIFS('HEAD OF THE FAMILY'!$J$6:$J1007,H17,'HEAD OF THE FAMILY'!$C$6:$C1007,H20) -> 27 | J20: =COUNTIFS('HEAD OF THE FAMILY'!$J$6:$J1007,H17,'HEAD OF THE FAMILY'!$I$6:$I1007,H20) -> 5
C21: BRGY. OFFICIALS, SENIOR | D21: =COUNTIFS('HEAD OF THE FAMILY'!$J$6:$J1007,C17,'HEAD OF THE FAMILY'!$C$6:$C1007,C21) -> 2 | E21: =COUNTIFS('HEAD OF THE FAMILY'!$J$6:$J1007,C17,'HEAD OF THE FAMILY'!$I$6:$I1007,C21) -> 0 | H21: BRGY. OFFICIALS, SENIOR | I21: =COUNTIFS('HEAD OF THE FAMILY'!$J$6:$J1007,H17,'HEAD OF THE FAMILY'!$C$6:$C1007,H21) -> 1 | J21: =COUNTIFS('HEAD OF THE FAMILY'!$J$6:$J1007,H17,'HEAD OF THE FAMILY'!$I$6:$I1007,H21) -> 0
B23: BARANGAY SAN MIGUEL 2 TOTAL | D23: REGISTRATION | G23: BARANGAY SAN MIGUEL 2 TOTAL | I23: REGISTRATION
B24: BLOCK: | C24: BLK 3 | D24: HEAD | E24: PARTNER | G24: BLOCK: | H24: BLOCK 4 | I24: HEAD | J24: PARTNER
B25: HEAD OF THE FAMILY: | C25: =COUNTIF('HEAD OF THE FAMILY'!$J$6:$J1007,C24) -> 85 | D25: =COUNTIFS('HEAD OF THE FAMILY'!$J$6:$J1007,C24,'HEAD OF THE FAMILY'!$F$6:$F1007,$D$8) -> 65 | E25: =COUNTIFS('HEAD OF THE FAMILY'!$J$6:$J1007,C24,'HEAD OF THE FAMILY'!$N$6:$N1007,$D$8) -> 37 | G25: HEAD OF THE FAMILY: | H25: =COUNTIF('HEAD OF THE FAMILY'!$J$6:$J1007,H24) -> 133 | I25: =COUNTIFS('HEAD OF THE FAMILY'!$J$6:$J1007,H24,'HEAD OF THE FAMILY'!$F$6:$F1007,$D$8) -> 110 | J25: =COUNTIFS('HEAD OF THE FAMILY'!$J$6:$J1007,H24,'HEAD OF THE FAMILY'!$N$6:$N1007,$D$8) -> 56
B26: CHILDREN: | C26: =COUNTIF(CHILDREN!$K$6:$K1007,C24) -> 154 | G26: CHILDREN: | H26: =COUNTIF(CHILDREN!$K$6:$K1007,H24) -> 242
C27: SENIOR | D27: =COUNTIFS('HEAD OF THE FAMILY'!$J$6:$J1007,C24,'HEAD OF THE FAMILY'!$C$6:$C1007,C27) -> 14 | E27: =COUNTIFS('HEAD OF THE FAMILY'!$J$6:$J1007,C24,'HEAD OF THE FAMILY'!$I$6:$I1007,C27) -> 4 | H27: SENIOR | I27: =COUNTIFS('HEAD OF THE FAMILY'!$J$6:$J1007,H24,'HEAD OF THE FAMILY'!$C$6:$C1007,H27) -> 27 | J27: =COUNTIFS('HEAD OF THE FAMILY'!$J$6:$J1007,H24,'HEAD OF THE FAMILY'!$I$6:$I1007,H27) -> 6
C28: BRGY. OFFICIALS, SENIOR | D28: =COUNTIFS('HEAD OF THE FAMILY'!$J$6:$J1007,C24,'HEAD OF THE FAMILY'!$C$6:$C1007,C28) -> 0 | E28: =COUNTIFS('HEAD OF THE FAMILY'!$J$6:$J1007,C24,'HEAD OF THE FAMILY'!$I$6:$I1007,C28) -> 0 | H28: BRGY. OFFICIALS, SENIOR | I28: =COUNTIFS('HEAD OF THE FAMILY'!$J$6:$J1007,H24,'HEAD OF THE FAMILY'!$C$6:$C1007,H28) -> 1 | J28: =COUNTIFS('HEAD OF THE FAMILY'!$J$6:$J1007,H24,'HEAD OF THE FAMILY'!$I$6:$I1007,H28) -> 2
B30: BARANGAY SAN MIGUEL 2 TOTAL | D30: REGISTRATION | G30: BARANGAY SAN MIGUEL 2 TOTAL | I30: REGISTRATION
B31: BLOCK: | C31: BLK 5 | D31: HEAD | E31: PARTNER | G31: BLOCK: | H31: BLK 49 | I31: HEAD | J31: PARTNER
B32: HEAD OF THE FAMILY: | C32: =COUNTIF('HEAD OF THE FAMILY'!$J$6:$J1007,C31) -> 129 | D32: =COUNTIFS('HEAD OF THE FAMILY'!$J$6:$J1007,C31,'HEAD OF THE FAMILY'!$F$6:$F1007,$D$8) -> 108 | E32: =COUNTIFS('HEAD OF THE FAMILY'!$J$6:$J1007,C31,'HEAD OF THE FAMILY'!$N$6:$N1007,$D$8) -> 49 | G32: HEAD OF THE FAMILY: | H32: =COUNTIF('HEAD OF THE FAMILY'!$J$6:$J1007,H31) -> 66 | I32: =COUNTIFS('HEAD OF THE FAMILY'!$J$6:$J1007,H31,'HEAD OF THE FAMILY'!$F$6:$F1007,$D$8) -> 52 | J32: =COUNTIFS('HEAD OF THE FAMILY'!$J$6:$J1007,H31,'HEAD OF THE FAMILY'!$N$6:$N1007,$D$8) -> 25
B33: CHILDREN: | C33: =COUNTIF(CHILDREN!$K$6:$K1007,C31) -> 224 | G33: CHILDREN: | H33: =COUNTIF(CHILDREN!$K$6:$K1007,H31) -> 118
C34: SENIOR | D34: =COUNTIFS('HEAD OF THE FAMILY'!$J$6:$J1007,C31,'HEAD OF THE FAMILY'!$C$6:$C1007,C34) -> 23 | E34: =COUNTIFS('HEAD OF THE FAMILY'!$J$6:$J1007,C31,'HEAD OF THE FAMILY'!$I$6:$I1007,C34) -> 6 | H34: SENIOR | I34: =COUNTIFS('HEAD OF THE FAMILY'!$J$6:$J1007,H31,'HEAD OF THE FAMILY'!$C$6:$C1007,H34) -> 16 | J34: =COUNTIFS('HEAD OF THE FAMILY'!$J$6:$J1007,H31,'HEAD OF THE FAMILY'!$I$6:$I1007,H34) -> 5
C35: BRGY. OFFICIALS, SENIOR | D35: =COUNTIFS('HEAD OF THE FAMILY'!$J$6:$J1007,C31,'HEAD OF THE FAMILY'!$C$6:$C1007,C35) -> 0 | E35: =COUNTIFS('HEAD OF THE FAMILY'!$J$6:$J1007,C31,'HEAD OF THE FAMILY'!$I$6:$I1007,C35) -> 0 | H35: BRGY. OFFICIALS, SENIOR | I35: =COUNTIFS('HEAD OF THE FAMILY'!$J$6:$J1007,H31,'HEAD OF THE FAMILY'!$C$6:$C1007,H35) -> 0 | J35: =COUNTIFS('HEAD OF THE FAMILY'!$J$6:$J1007,H31,'HEAD OF THE FAMILY'!$I$6:$I1007,H35) -> 0

Sheet CATEGORY FILTER
B2: CATEGORY: | C2: SENIOR | L2: CATEGORY: | M2: BRGY. OFFICIALS
B3: COUNT | C3: =COUNT(A6:A1934) -> 185 | L3: COUNT | M3: =COUNT(K6:K1934) -> 12
A4: HEAD OF THE FAMILY | K4: PARTNER
A5: NO. | B5: NAME | C5: CATEGORY | D5: BLK | K5: NO. | L5: NAME | M5: CATEGORY
A6: =IF(B6="","",ROW()-5) -> 1 | B6: =IFERROR(__xludf.DUMMYFUNCTION("IFERROR(FILTER('HEAD OF THE FAMILY'!B6:C1934,ISNUMBER(SEARCH(LOWER(C2), LOWER('HEAD OF THE FAMILY'!C6:C1934)))), ""NO MATCH FOUND"")"),"ADELAIDA O. PULGA") -> ADELAIDA O. PULGA | C6: =IFERROR(__xludf.DUMMYFUNCTION("""COMPUTED_VALUE"""),"SENIOR") -> SENIOR | D6: =VLOOKUP(B6,'HEAD OF THE FAMILY'!B6:J1934,9,FALSE) -> BLOCK 4 | K6: =IF(L6="","",ROW()-5) -> 1 | L6: =IFERROR(__xludf.DUMMYFUNCTION("IFERROR(FILTER('HEAD OF THE FAMILY'!H6:I1934,ISNUMBER(SEARCH(LOWER(M2), LOWER('HEAD OF THE FAMILY'!I6:I1934)))), ""NO MATCH FOUND"")"),"MARY JOY A CAMPOS") -> MARY JOY A CAMPOS | M6: =IFERROR(__xludf.DUMMYFUNCTION("""COMPUTED_VALUE"""),"BRGY. OFFICIALS") -> BRGY. OFFICIALS
A7: =IF(B7="","",ROW()-5) -> 2 | B7: =IFERROR(__xludf.DUMMYFUNCTION("""COMPUTED_VALUE"""),"ADORACION LLENO") -> ADORACION LLENO | C7: =IFERROR(__xludf.DUMMYFUNCTION("""COMPUTED_VALUE"""),"SENIOR") -> SENIOR | D7: =VLOOKUP(B7,'HEAD OF THE FAMILY'!B7:J1934,9,FALSE) -> BLK 46 | G7: HEAD | H7: PARTNER | I7: TOTAL | K7: =IF(L7="","",ROW()-5) -> 2 | L7: =IFERROR(__xludf.DUMMYFUNCTION("""COMPUTED_VALUE"""),"ELSIE HIPOLITO") -> ELSIE HIPOLITO | M7: =IFERROR(__xludf.DUMMYFUNCTION("""COMPUTED_VALUE"""),"BRGY. OFFICIALS") -> BRGY. OFFICIALS
A8: =IF(B8="","",ROW()-5) -> 3 | B8: =IFERROR(__xludf.DUMMYFUNCTION("""COMPUTED_VALUE"""),"AGAPITO A. HILARIO") -> AGAPITO A. HILARIO | C8: =IFERROR(__xludf.DUMMYFUNCTION("""COMPUTED_VALUE"""),"SENIOR") -> SENIOR | D8: =VLOOKUP(B8,'HEAD OF THE FAMILY'!B8:J1934,9,FALSE) -> BLK 1 | F8: SENIOR: | G8: 179 | H8: 48 | I8: =SUM(G8:H8) -> 227 | K8: =IF(L8="","",ROW()-5) -> 3 | L8: =IFERROR(__xludf.DUMMYFUNCTION("""COMPUTED_VALUE"""),"ROSEMARIE GUTIERREZ") -> ROSEMARIE GUTIERREZ | M8: =IFERROR(__xludf.DUMMYFUNCTION("""COMPUTED_VALUE"""),"BRGY. OFFICIALS") -> BRGY. OFFICIALS
A9: =IF(B9="","",ROW()-5) -> 4 | B9: =IFERROR(__xludf.DUMMYFUNCTION("""COMPUTED_VALUE"""),"AGOSTO ESTILLANA") -> AGOSTO ESTILLANA | C9: =IFERROR(__xludf.DUMMYFUNCTION("""COMPUTED_VALUE"""),"SENIOR") -> SENIOR | D9: =VLOOKUP(B9,'HEAD OF THE FAMILY'!B9:J1934,9,FALSE) -> BLK 41 | F9: PWD | G9: 13 | H9: 12 | I9: =SUM(G9:H9) -> 25 | K9: =IF(L9="","",ROW()-5) -> 4 | L9: =IFERROR(__xludf.DUMMYFUNCTION("""COMPUTED_VALUE"""),"ELBA DOLORES E. QUIJADO") -> ELBA DOLORES E. QUIJADO | M9: =IFERROR(__xludf.DUMMYFUNCTION("""COMPUTED_VALUE"""),"BRGY. OFFICIALS, SENIOR") -> BRGY. OFFICIALS, SENIOR
A10: =IF(B10="","",ROW()-5) -> 5 | B10: =IFERROR(__xludf.DUMMYFUNCTION("""COMPUTED_VALUE"""),"ALBERTO A MACABENTA") -> ALBERTO A MACABENTA | C10: =IFERROR(__xludf.DUMMYFUNCTION("""COMPUTED_VALUE"""),"SENIOR") -> SENIOR | D10: =VLOOKUP(B10,'HEAD OF THE FAMILY'!B10:J1934,9,FALSE) -> BLK 45 | F10: 4PS | G10: 12 | H10: 17 | I10: =SUM(G10:H10) -> 29 | K10: =IF(L10="","",ROW()-5) -> 5 | L10: =IFERROR(__xludf.DUMMYFUNCTION("""COMPUTED_VALUE"""),"LEONORA J. EDRALIN") -> LEONORA J. EDRALIN | M10: =IFERROR(__xludf.DUMMYFUNCTION("""COMPUTED_VALUE"""),"BRGY. OFFICIALS") -> BRGY. OFFICIALS
A11: =IF(B11="","",ROW()-5) -> 6 | B11: =IFERROR(__xludf.DUMMYFUNCTION("""COMPUTED_VALUE"""),"ALBERTO E DE GUZMAN") -> ALBERTO E DE GUZMAN | C11: =IFERROR(__xludf.DUMMYFUNCTION("""COMPUTED_VALUE"""),"SENIOR") -> SENIOR | D11: =VLOOKUP(B11,'HEAD OF THE FAMILY'!B11:J1934,9,FALSE) -> BLK 46 | F11: SOLO PARENT | G11: 12 | H11: 2 | I11: =SUM(G11:H11) -> 14 | K11: =IF(L11="","",ROW()-5) -> 6 | L11: =IFERROR(__xludf.DUMMYFUNCTION("""COMPUTED_VALUE"""),"IRENE JOY JOVEN") -> IRENE JOY JOVEN | M11: =IFERROR(__xludf.DUMMYFUNCTION("""COMPUTED_VALUE"""),"BRGY. OFFICIALS") -> BRGY. OFFICIALS
A12: =IF(B12="","",ROW()-5) -> 7 | B12: =IFERROR(__xludf.DUMMYFUNCTION("""COMPUTED_VALUE"""),"ALBERTO LOBRIO SR.") -> ALBERTO LOBRIO SR. | C12: =IFERROR(__xludf.DUMMYFUNCTION("""COMPUTED_VALUE"""),"SENIOR") -> SENIOR | D12: =VLOOKUP(B12,'HEAD OF THE FAMILY'!B12:J1934,9,FALSE) -> BLK 49 | F12: OFFICIALS | G12: 30 | H12: 12 | I12: =SUM(G12:H12) -> 42 | K12: =IF(L12="","",ROW()-5) -> 7 | L12: =IFERROR(__xludf.DUMMYFUNCTION("""COMPUTED_VALUE"""),"MARY ANN LUCEÑO") -> MARY ANN LUCEÑO | M12: =IFERROR(__xludf.DUMMYFUNCTION("""COMPUTED_VALUE"""),"BRGY. OFFICIALS") -> BRGY. OFFICIALS
A13: =IF(B13="","",ROW()-5) -> 8 | B13: =IFERROR(__xludf.DUMMYFUNCTION("""COMPUTED_VALUE"""),"ALBERTO MANUEL") -> ALBERTO MANUEL | C13: =IFERROR(__xludf.DUMMYFUNCTION("""COMPUTED_VALUE"""),"SENIOR") -> SENIOR | D13: =VLOOKUP(B13,'HEAD OF THE FAMILY'!B13:J1934,9,FALSE) -> BLK 46 | F13: KDBM | G13: 8 | H13: 10 | I13: =SUM(G13:H13) -> 18 | K13: =IF(L13="","",ROW()-5) -> 8 | L13: =IFERROR(__xludf.DUMMYFUNCTION("""COMPUTED_VALUE"""),"MARIBETH MALAIT") -> MARIBETH MALAIT | M13: =IFERROR(__xludf.DUMMYFUNCTION("""COMPUTED_VALUE"""),"BRGY. OFFICIALS") -> BRGY. OFFICIALS
A14: =IF(B14="","",ROW()-5) -> 9 | B14: =IFERROR(__xludf.DUMMYFUNCTION("""COMPUTED_VALUE"""),"ALEXANDER ALONZO") -> ALEXANDER ALONZO | C14: =IFERROR(__xludf.DUMMYFUNCTION("""COMPUTED_VALUE"""),"SENIOR") -> SENIOR | D14: =VLOOKUP(B14,'HEAD OF THE FAMILY'!B14:J1934,9,FALSE) -> BLK 1 | F14: 3RD GEN | G14: 21 | H14: 2 | I14: =SUM(G14:H14) -> 23 | K14: =IF(L14="","",ROW()-5) -> 9 | L14: =IFERROR(__xludf.DUMMYFUNCTION("""COMPUTED_VALUE"""),"BEATRIZ D. EVANGELISTA") -> BEATRIZ D. EVANGELISTA | M14: =IFERROR(__xludf.DUMMYFUNCTION("""COMPUTED_VALUE"""),"BRGY. OFFICIALS") -> BRGY. OFFICIALS
A15: =IF(B15="","",ROW()-5) -> 10 | B15: =IFERROR(__xludf.DUMMYFUNCTION("""COMPUTED_VALUE"""),"ALEXANDER CAMPAÑA") -> ALEXANDER CAMPAÑA | C15: =IFERROR(__xludf.DUMMYFUNCTION("""COMPUTED_VALUE"""),"SENIOR") -> SENIOR | D15: =VLOOKUP(B15,'HEAD OF THE FAMILY'!B15:J1934,9,FALSE) -> BLK 1 | K15: =IF(L15="","",ROW()-5) -> 10 | L15: =IFERROR(__xludf.DUMMYFUNCTION("""COMPUTED_VALUE"""),"JERLYN H. LEBOSADA") -> JERLYN H. LEBOSADA | M15: =IFERROR(__xludf.DUMMYFUNCTION("""COMPUTED_VALUE"""),"BRGY. OFFICIALS") -> BRGY. OFFICIALS
A16: =IF(B16="","",ROW()-5) -> 11 | B16: =IFERROR(__xludf.DUMMYFUNCTION("""COMPUTED_VALUE"""),"ALICIA D. REYES") -> ALICIA D. REYES | C16: =IFERROR(__xludf.DUMMYFUNCTION("""COMPUTED_VALUE"""),"SENIOR") -> SENIOR | D16: =VLOOKUP(B16,'HEAD OF THE FAMILY'!B16:J1934,9,FALSE) -> BLOCK 4 | K16: =IF(L16="","",ROW()-5) -> 11 | L16: =IFERROR(__xludf.DUMMYFUNCTION("""COMPUTED_VALUE"""),"DOLORES R. BUSCAGAN") -> DOLORES R. BUSCAGAN | M16: =IFERROR(__xludf.DUMMYFUNCTION("""COMPUTED_VALUE"""),"BRGY. OFFICIALS, SENIOR") -> BRGY. OFFICIALS, SENIOR
A17: =IF(B17="","",ROW()-5) -> 12 | B17: =IFERROR(__xludf.DUMMYFUNCTION("""COMPUTED_VALUE"""),"ALICIA R. MAGBANUA") -> ALICIA R. MAGBANUA | C17: =IFERROR(__xludf.DUMMYFUNCTION("""COMPUTED_VALUE"""),"SENIOR") -> SENIOR | D17: =VLOOKUP(B17,'HEAD OF THE FAMILY'!B17:J1934,9,FALSE) -> BLK 45 | K17: =IF(L17="","",ROW()-5) -> 12 | L17: =IFERROR(__xludf.DUMMYFUNCTION("""COMPUTED_VALUE"""),"MELINDA M. ARGOTA") -> MELINDA M. ARGOTA | M17: =IFERROR(__xludf.DUMMYFUNCTION("""COMPUTED_VALUE"""),"BRGY. OFFICIALS") -> BRGY. OFFICIALS
A18: =IF(B18="","",ROW()-5) -> 13 | B18: =IFERROR(__xludf.DUMMYFUNCTION("""COMPUTED_VALUE"""),"AMBROSO ALZAGA") -> AMBROSO ALZAGA | C18: =IFERROR(__xludf.DUMMYFUNCTION("""COMPUTED_VALUE"""),"SENIOR") -> SENIOR | D18: =VLOOKUP(B18,'HEAD OF THE FAMILY'!B18:J1934,9,FALSE) -> BLK 1 | K18: =IF(L18="","",ROW()-5)
A19: =IF(B19="","",ROW()-5) -> 14 | B19: =IFERROR(__xludf.DUMMYFUNCTION("""COMPUTED_VALUE"""),"AMPARO L. MARCOS ") -> AMPARO L. MARCOS | C19: =IFERROR(__xludf.DUMMYFUNCTION("""COMPUTED_VALUE"""),"SENIOR") -> SENIOR | D19: =VLOOKUP(B19,'HEAD OF THE FAMILY'!B19:J1934,9,FALSE) -> BLK 45 | K19: =IF(L19="","",ROW()-5)
A20: =IF(B20="","",ROW()-5) -> 15 | B20: =IFERROR(__xludf.DUMMYFUNCTION("""COMPUTED_VALUE"""),"ANATALIA J. RAFIÑAN") -> ANATALIA J. RAFIÑAN | C20: =IFERROR(__xludf.DUMMYFUNCTION("""COMPUTED_VALUE"""),"SENIOR") -> SENIOR | D20: =VLOOKUP(B20,'HEAD OF THE FAMILY'!B20:J1934,9,FALSE) -> BLK 1 | K20: =IF(L20="","",ROW()-5)
A21: =IF(B21="","",ROW()-5) -> 16 | B21: =IFERROR(__xludf.DUMMYFUNCTION("""COMPUTED_VALUE"""),"ANGELITA E. QUIRIT") -> ANGELITA E. QUIRIT | C21: =IFERROR(__xludf.DUMMYFUNCTION("""COMPUTED_VALUE"""),"SENIOR") -> SENIOR | D21: =VLOOKUP(B21,'HEAD OF THE FAMILY'!B21:J1934,9,FALSE) -> BLOCK 4 | K21: =IF(L21="","",ROW()-5)
A22: =IF(B22="","",ROW()-5) -> 17 | B22: =IFERROR(__xludf.DUMMYFUNCTION("""COMPUTED_VALUE"""),"ANNILYN ROBLES") -> ANNILYN ROBLES | C22: =IFERROR(__xludf.DUMMYFUNCTION("""COMPUTED_VALUE"""),"SENIOR") -> SENIOR | D22: =VLOOKUP(B22,'HEAD OF THE FAMILY'!B22:J1934,9,FALSE) -> BLOCK 4 | K22: =IF(L22="","",ROW()-5)
A23: =IF(B23="","",ROW()-5) -> 18 | B23: =IFERROR(__xludf.DUMMYFUNCTION("""COMPUTED_VALUE"""),"ANTONIO CABER") -> ANTONIO CABER | C23: =IFERROR(__xludf.DUMMYFUNCTION("""COMPUTED_VALUE"""),"BRGY. OFFICIALS, SENIOR") -> BRGY. OFFICIALS, SENIOR | D23: =VLOOKUP(B23,'HEAD OF THE FAMILY'!B23:J1934,9,FALSE) -> BLOCK 4 | K23: =IF(L23="","",ROW()-5)
A24: =IF(B24="","",ROW()-5) -> 19 | B24: =IFERROR(__xludf.DUMMYFUNCTION("""COMPUTED_VALUE"""),"ARNALDO QUIÑONES SR.") -> ARNALDO QUIÑONES SR. | C24: =IFERROR(__xludf.DUMMYFUNCTION("""COMPUTED_VALUE"""),"SENIOR") -> SENIOR | D24: =VLOOKUP(B24,'HEAD OF THE FAMILY'!B24:J1934,9,FALSE) -> BLK 41 | K24: =IF(L24="","",ROW()-5)
A25: =IF(B25="","",ROW()-5) -> 20 | B25: =IFERROR(__xludf.DUMMYFUNCTION("""COMPUTED_VALUE"""),"ARNANDO CLAWIN") -> ARNANDO CLAWIN | C25: =IFERROR(__xludf.DUMMYFUNCTION("""COMPUTED_VALUE"""),"SENIOR") -> SENIOR | D25: =VLOOKUP(B25,'HEAD OF THE FAMILY'!B25:J1934,9,FALSE) -> BLK 46 | K25: =IF(L25="","",ROW()-5)
A26: =IF(B26="","",ROW()-5) -> 21 | B26: =IFERROR(__xludf.DUMMYFUNCTION("""COMPUTED_VALUE"""),"ARTURO M DAGAL") -> ARTURO M DAGAL | C26: =IFERROR(__xludf.DUMMYFUNCTION("""COMPUTED_VALUE"""),"SENIOR") -> SENIOR | D26: =VLOOKUP(B26,'HEAD OF THE FAMILY'!B26:J1934,9,FALSE) -> BLK 45 | K26: =IF(L26="","",ROW()-5)
A27: =IF(B27="","",ROW()-5) -> 22 | B27: =IFERROR(__xludf.DUMMYFUNCTION("""COMPUTED_VALUE"""),"AURORA LAZARO") -> AURORA LAZARO | C27: =IFERROR(__xludf.DUMMYFUNCTION("""COMPUTED_VALUE"""),"SENIOR") -> SENIOR | D27: =VLOOKUP(B27,'HEAD OF THE FAMILY'!B27:J1934,9,FALSE) -> BLOCK 4 | K27: =IF(L27="","",ROW()-5)
A28: =IF(B28="","",ROW()-5) -> 23 | B28: =IFERROR(__xludf.DUMMYFUNCTION("""COMPUTED_VALUE"""),"BAMBINO P. PAZ") -> BAMBINO P. PAZ | C28: =IFERROR(__xludf.DUMMYFUNCTION("""COMPUTED_VALUE"""),"SENIOR") -> SENIOR | D28: =VLOOKUP(B28,'HEAD OF THE FAMILY'!B28:J1934,9,FALSE) -> BLOCK 4 | K28: =IF(L28="","",ROW()-5)
A29: =IF(B29="","",ROW()-5) -> 24 | B29: =IFERROR(__xludf.DUMMYFUNCTION("""COMPUTED_VALUE"""),"BERNARD SARMIENTO") -> BERNARD SARMIENTO | C29: =IFERROR(__xludf.DUMMYFUNCTION("""COMPUTED_VALUE"""),"SENIOR") -> SENIOR | D29: =VLOOKUP(B29,'HEAD OF THE FAMILY'!B29:J1934,9,FALSE) -> BLK 45 | K29: =IF(L29="","",ROW()-5)
A30: =IF(B30="","",ROW()-5) -> 25 | B30: =IFERROR(__xludf.DUMMYFUNCTION("""COMPUTED_VALUE"""),"BIENVENIDO C. VITORIA SR. ") -> BIENVENIDO C. VITORIA SR. | C30: =IFERROR(__xludf.DUMMYFUNCTION("""COMPUTED_VALUE"""),"SENIOR") -> SENIOR | D30: =VLOOKUP(B30,'HEAD OF THE FAMILY'!B30:J1934,9,FALSE) -> BLK 45 | K30: =IF(L30="","",ROW()-5)
A31: =IF(B31="","",ROW()-5) -> 26 | B31: =IFERROR(__xludf.DUMMYFUNCTION("""COMPUTED_VALUE"""),"BRANDO MALAIT") -> BRANDO MALAIT | C31: =IFERROR(__xludf.DUMMYFUNCTION("""COMPUTED_VALUE"""),"N/A, SENIOR") -> N/A, SENIOR | D31: =VLOOKUP(B31,'HEAD OF THE FAMILY'!B31:J1934,9,FALSE) -> BLK 5 | K31: =IF(L31="","",ROW()-5)
A32: =IF(B32="","",ROW()-5) -> 27 | B32: =IFERROR(__xludf.DUMMYFUNCTION("""COMPUTED_VALUE"""),"BRUNO TUCO") -> BRUNO TUCO | C32: =IFERROR(__xludf.DUMMYFUNCTION("""COMPUTED_VALUE"""),"SENIOR") -> SENIOR | D32: =VLOOKUP(B32,'HEAD OF THE FAMILY'!B32:J1934,9,FALSE) -> BLK 45 | K32: =IF(L32="","",ROW()-5)
A33: =IF(B33="","",ROW()-5) -> 28 | B33: =IFERROR(__xludf.DUMMYFUNCTION("""COMPUTED_VALUE"""),"CARMELITA MAAGNO") -> CARMELITA MAAGNO | C33: =IFERROR(__xludf.DUMMYFUNCTION("""COMPUTED_VALUE"""),"SENIOR") -> SENIOR | D33: =VLOOKUP(B33,'HEAD OF THE FAMILY'!B33:J1934,9,FALSE) -> BLK 5 | K33: =IF(L33="","",ROW()-5)
A34: =IF(B34="","",ROW()-5) -> 29 | B34: =IFERROR(__xludf.DUMMYFUNCTION("""COMPUTED_VALUE"""),"CARMELO G. DE GUZMAN") -> CARMELO G. DE GUZMAN | C34: =IFERROR(__xludf.DUMMYFUNCTION("""COMPUTED_VALUE"""),"SENIOR") -> SENIOR | D34: =VLOOKUP(B34,'HEAD OF THE FAMILY'!B34:J1934,9,FALSE) -> BLK 41 | K34: =IF(L34="","",ROW()-5)
A35: =IF(B35="","",ROW()-5) -> 30 | B35: =IFERROR(__xludf.DUMMYFUNCTION("""COMPUTED_VALUE"""),"CAROL DEL ROSARIO") -> CAROL DEL ROSARIO | C35: =IFERROR(__xludf.DUMMYFUNCTION("""COMPUTED_VALUE"""),"SENIOR") -> SENIOR | D35: =VLOOKUP(B35,'HEAD OF THE FAMILY'!B35:J1934,9,FALSE) -> BLK 49 | K35: =IF(L35="","",ROW()-5)
A36: =IF(B36="","",ROW()-5) -> 31 | B36: =IFERROR(__xludf.DUMMYFUNCTION("""COMPUTED_VALUE"""),"CAROLINA TALASTAS") -> CAROLINA TALASTAS | C36: =IFERROR(__xludf.DUMMYFUNCTION("""COMPUTED_VALUE"""),"SENIOR") -> SENIOR | D36: =VLOOKUP(B36,'HEAD OF THE FAMILY'!B36:J1934,9,FALSE) -> BLK 5 | K36: =IF(L36="","",ROW()-5)
A37: =IF(B37="","",ROW()-5) -> 32 | B37: =IFERROR(__xludf.DUMMYFUNCTION("""COMPUTED_VALUE"""),"CELERINA SAÑEZ") -> CELERINA SAÑEZ | C37: =IFERROR(__xludf.DUMMYFUNCTION("""COMPUTED_VALUE"""),"SENIOR") -> SENIOR | D37: =VLOOKUP(B37,'HEAD OF THE FAMILY'!B37:J1934,9,FALSE) -> BLK 3 | K37: =IF(L37="","",ROW()-5)
A38: =IF(B38="","",ROW()-5) -> 33 | B38: =IFERROR(__xludf.DUMMYFUNCTION("""COMPUTED_VALUE"""),"CELSO OREJANA") -> CELSO OREJANA | C38: =IFERROR(__xludf.DUMMYFUNCTION("""COMPUTED_VALUE"""),"SENIOR") -> SENIOR | D38: =VLOOKUP(B38,'HEAD OF THE FAMILY'!B38:J1934,9,FALSE) -> BLK 41 | K38: =IF(L38="","",ROW()-5)
A39: =IF(B39="","",ROW()-5) -> 34 | B39: =IFERROR(__xludf.DUMMYFUNCTION("""COMPUTED_VALUE"""),"CESAR GALLARDO") -> CESAR GALLARDO | C39: =IFERROR(__xludf.DUMMYFUNCTION("""COMPUTED_VALUE"""),"BRGY. OFFICIALS, SENIOR") -> BRGY. OFFICIALS, SENIOR | D39: =VLOOKUP(B39,'HEAD OF THE FAMILY'!B39:J1934,9,FALSE) -> BLK 46 | K39: =IF(L39="","",ROW()-5)
A40: =IF(B40="","",ROW()-5) -> 35 | B40: =IFERROR(__xludf.DUMMYFUNCTION("""COMPUTED_VALUE"""),"CESAR P. PUNZZALAN") -> CESAR P. PUNZZALAN | C40: =IFERROR(__xludf.DUMMYFUNCTION("""COMPUTED_VALUE"""),"SENIOR") -> SENIOR | D40: =VLOOKUP(B40,'HEAD OF THE FAMILY'!B40:J1934,9,FALSE) -> BLK 45 | K40: =IF(L40="","",ROW()-5)
A41: =IF(B41="","",ROW()-5) -> 36 | B41: =IFERROR(__xludf.DUMMYFUNCTION("""COMPUTED_VALUE"""),"CONCEPCION ALONZO") -> CONCEPCION ALONZO | C41: =IFERROR(__xludf.DUMMYFUNCTION("""COMPUTED_VALUE"""),"SENIOR") -> SENIOR | D41: =VLOOKUP(B41,'HEAD OF THE FAMILY'!B41:J1934,9,FALSE) -> BLK 41 | K41: =IF(L41="","",ROW()-5)
A42: =IF(B42="","",ROW()-5) -> 37 | B42: =IFERROR(__xludf.DUMMYFUNCTION("""COMPUTED_VALUE"""),"CONRADO DE FELIX") -> CONRADO DE FELIX | C42: =IFERROR(__xludf.DUMMYFUNCTION("""COMPUTED_VALUE"""),"SENIOR") -> SENIOR | D42: =VLOOKUP(B42,'HEAD OF THE FAMILY'!B42:J1934,9,FALSE) -> BLOCK 4 | K42: =IF(L42="","",ROW()-5)
A43: =IF(B43="","",ROW()-5) -> 38 | B43: =IFERROR(__xludf.DUMMYFUNCTION("""COMPUTED_VALUE"""),"CORAZON C. DE GUZMAN") -> CORAZON C. DE GUZMAN | C43: =IFERROR(__xludf.DUMMYFUNCTION("""COMPUTED_VALUE"""),"SENIOR") -> SENIOR | D43: =VLOOKUP(B43,'HEAD OF THE FAMILY'!B43:J1934,9,FALSE) -> BLK 5 | K43: =IF(L43="","",ROW()-5)
A44: =IF(B44="","",ROW()-5) -> 39 | B44: =IFERROR(__xludf.DUMMYFUNCTION("""COMPUTED_VALUE"""),"CORAZON PEREZ") -> CORAZON PEREZ | C44: =IFERROR(__xludf.DUMMYFUNCTION("""COMPUTED_VALUE"""),"SENIOR") -> SENIOR | D44: =VLOOKUP(B44,'HEAD OF THE FAMILY'!B44:J1934,9,FALSE) -> BLK 5 | K44: =IF(L44="","",ROW()-5)
A45: =IF(B45="","",ROW()-5) -> 40 | B45: =IFERROR(__xludf.DUMMYFUNCTION("""COMPUTED_VALUE"""),"CYNTHIA G. PASCUAL") -> CYNTHIA G. PASCUAL | C45: =IFERROR(__xludf.DUMMYFUNCTION("""COMPUTED_VALUE"""),"SENIOR") -> SENIOR | D45: =VLOOKUP(B45,'HEAD OF THE FAMILY'!B45:J1934,9,FALSE) -> BLK 41 | K45: =IF(L45="","",ROW()-5)
A46: =IF(B46="","",ROW()-5) -> 41 | B46: =IFERROR(__xludf.DUMMYFUNCTION("""COMPUTED_VALUE"""),"CZARINA PEREZ") -> CZARINA PEREZ | C46: =IFERROR(__xludf.DUMMYFUNCTION("""COMPUTED_VALUE"""),"SENIOR") -> SENIOR | D46: =VLOOKUP(B46,'HEAD OF THE FAMILY'!B46:J1934,9,FALSE) -> BLK 1 | K46: =IF(L46="","",ROW()-5)
A47: =IF(B47="","",ROW()-5) -> 42 | B47: =IFERROR(__xludf.DUMMYFUNCTION("""COMPUTED_VALUE"""),"DAISY SANTOS") -> DAISY SANTOS | C47: =IFERROR(__xludf.DUMMYFUNCTION("""COMPUTED_VALUE"""),"SENIOR") -> SENIOR | D47: =VLOOKUP(B47,'HEAD OF THE FAMILY'!B47:J1934,9,FALSE) -> BLK 1 | K47: =IF(L47="","",ROW()-5)
A48: =IF(B48="","",ROW()-5) -> 43 | B48: =IFERROR(__xludf.DUMMYFUNCTION("""COMPUTED_VALUE"""),"DANILO B PAGUDAR") -> DANILO B PAGUDAR | C48: =IFERROR(__xludf.DUMMYFUNCTION("""COMPUTED_VALUE"""),"SENIOR") -> SENIOR | D48: =VLOOKUP(B48,'HEAD OF THE FAMILY'!B48:J1934,9,FALSE) -> BLK 46 | K48: =IF(L48="","",ROW()-5)
A49: =IF(B49="","",ROW()-5) -> 44 | B49: =IFERROR(__xludf.DUMMYFUNCTION("""COMPUTED_VALUE"""),"DELIA P CERBITO") -> DELIA P CERBITO | C49: =IFERROR(__xludf.DUMMYFUNCTION("""COMPUTED_VALUE"""),"SENIOR") -> SENIOR | D49: =VLOOKUP(B49,'HEAD OF THE FAMILY'!B49:J1934,9,FALSE) -> BLK 3 | K49: =IF(L49="","",ROW()-5)
A50: =IF(B50="","",ROW()-5) -> 45 | B50: =IFERROR(__xludf.DUMMYFUNCTION("""COMPUTED_VALUE"""),"DELIA SILVESTRE") -> DELIA SILVESTRE | C50: =IFERROR(__xludf.DUMMYFUNCTION("""COMPUTED_VALUE"""),"SENIOR") -> SENIOR | D50: =VLOOKUP(B50,'HEAD OF THE FAMILY'!B50:J1934,9,FALSE) -> BLK 5 | K50: =IF(L50="","",ROW()-5)
A51: =IF(B51="","",ROW()-5) -> 46 | B51: =IFERROR(__xludf.DUMMYFUNCTION("""COMPUTED_VALUE"""),"DESIDERIO VELASQUEZ") -> DESIDERIO VELASQUEZ | C51: =IFERROR(__xludf.DUMMYFUNCTION("""COMPUTED_VALUE"""),"SENIOR") -> SENIOR | D51: =VLOOKUP(B51,'HEAD OF THE FAMILY'!B51:J1934,9,FALSE) -> BLK 41 | K51: =IF(L51="","",ROW()-5)
A52: =IF(B52="","",ROW()-5) -> 47 | B52: =IFERROR(__xludf.DUMMYFUNCTION("""COMPUTED_VALUE"""),"DINA OLIVERA") -> DINA OLIVERA | C52: =IFERROR(__xludf.DUMMYFUNCTION("""COMPUTED_VALUE"""),"SENIOR") -> SENIOR | D52: =VLOOKUP(B52,'HEAD OF THE FAMILY'!B52:J1934,9,FALSE) -> BLK 49 | K52: =IF(L52="","",ROW()-5)
A53: =IF(B53="","",ROW()-5) -> 48 | B53: =IFERROR(__xludf.DUMMYFUNCTION("""COMPUTED_VALUE"""),"DOLORES B. CALLOS") -> DOLORES B. CALLOS | C53: =IFERROR(__xludf.DUMMYFUNCTION("""COMPUTED_VALUE"""),"SENIOR") -> SENIOR | D53: =VLOOKUP(B53,'HEAD OF THE FAMILY'!B53:J1934,9,FALSE) -> BLK 3 | K53: =IF(L53="","",ROW()-5)
A54: =IF(B54="","",ROW()-5) -> 49 | B54: =IFERROR(__xludf.DUMMYFUNCTION("""COMPUTED_VALUE"""),"DOLORES TALASTAS") -> DOLORES TALASTAS | C54: =IFERROR(__xludf.DUMMYFUNCTION("""COMPUTED_VALUE"""),"SENIOR") -> SENIOR | D54: =VLOOKUP(B54,'HEAD OF THE FAMILY'!B54:J1934,9,FALSE) -> BLK 45 | K54: =IF(L54="","",ROW()-5)
A55: =IF(B55="","",ROW()-5) -> 50 | B55: =IFERROR(__xludf.DUMMYFUNCTION("""COMPUTED_VALUE"""),"DOMINADOR ALBEZA ") -> DOMINADOR ALBEZA | C55: =IFERROR(__xludf.DUMMYFUNCTION("""COMPUTED_VALUE"""),"SENIOR") -> SENIOR | D55: =VLOOKUP(B55,'HEAD OF THE FAMILY'!B55:J1934,9,FALSE) -> BLK 5 | K55: =IF(L55="","",ROW()-5)
A56: =IF(B56="","",ROW()-5) -> 51 | B56: =IFERROR(__xludf.DUMMYFUNCTION("""COMPUTED_VALUE"""),"DOMINADOR GUTIERREZ") -> DOMINADOR GUTIERREZ | C56: =IFERROR(__xludf.DUMMYFUNCTION("""COMPUTED_VALUE"""),"SENIOR") -> SENIOR | D56: =VLOOKUP(B56,'HEAD OF THE FAMILY'!B56:J1934,9,FALSE) -> BLK 3 | K56: =IF(L56="","",ROW()-5)
A57: =IF(B57="","",ROW()-5) -> 52 | B57: =IFERROR(__xludf.DUMMYFUNCTION("""COMPUTED_VALUE"""),"DOMINGO H. QUIJADO") -> DOMINGO H. QUIJADO | C57: =IFERROR(__xludf.DUMMYFUNCTION("""COMPUTED_VALUE"""),"SENIOR") -> SENIOR | D57: =VLOOKUP(B57,'HEAD OF THE FAMILY'!B57:J1934,9,FALSE) -> BLOCK 4 | K57: =IF(L57="","",ROW()-5)
A58: =IF(B58="","",ROW()-5) -> 53 | B58: =IFERROR(__xludf.DUMMYFUNCTION("""COMPUTED_VALUE"""),"DOMINGO L. BONO") -> DOMINGO L. BONO | C58: =IFERROR(__xludf.DUMMYFUNCTION("""COMPUTED_VALUE"""),"SENIOR") -> SENIOR | D58: =VLOOKUP(B58,'HEAD OF THE FAMILY'!B58:J1934,9,FALSE) -> BLOCK 4 | K58: =IF(L58="","",ROW()-5)
A59: =IF(B59="","",ROW()-5) -> 54 | B59: =IFERROR(__xludf.DUMMYFUNCTION("""COMPUTED_VALUE"""),"EDILBERTO B. REÑA") -> EDILBERTO B. REÑA | C59: =IFERROR(__xludf.DUMMYFUNCTION("""COMPUTED_VALUE"""),"SENIOR") -> SENIOR | D59: =VLOOKUP(B59,'HEAD OF THE FAMILY'!B59:J1934,9,FALSE) -> BLK 41 | K59: =IF(L59="","",ROW()-5)
A60: =IF(B60="","",ROW()-5) -> 55 | B60: =IFERROR(__xludf.DUMMYFUNCTION("""COMPUTED_VALUE"""),"EDNA D BARCO") -> EDNA D BARCO | C60: =IFERROR(__xludf.DUMMYFUNCTION("""COMPUTED_VALUE"""),"SENIOR") -> SENIOR | D60: =VLOOKUP(B60,'HEAD OF THE FAMILY'!B60:J1934,9,FALSE) -> BLK 46 | K60: =IF(L60="","",ROW()-5)
A61: =IF(B61="","",ROW()-5) -> 56 | B61: =IFERROR(__xludf.DUMMYFUNCTION("""COMPUTED_VALUE"""),"EDWIN PERALTA") -> EDWIN PERALTA | C61: =IFERROR(__xludf.DUMMYFUNCTION("""COMPUTED_VALUE"""),"SENIOR") -> SENIOR | D61: =VLOOKUP(B61,'HEAD OF THE FAMILY'!B61:J1934,9,FALSE) -> BLK 46 | K61: =IF(L61="","",ROW()-5)
A62: =IF(B62="","",ROW()-5) -> 57 | B62: =IFERROR(__xludf.DUMMYFUNCTION("""COMPUTED_VALUE"""),"EFREN B. DEL ROSARIO") -> EFREN B. DEL ROSARIO | C62: =IFERROR(__xludf.DUMMYFUNCTION("""COMPUTED_VALUE"""),"SENIOR") -> SENIOR | D62: =VLOOKUP(B62,'HEAD OF THE FAMILY'!B62:J1934,9,FALSE) -> BLK 49 | K62: =IF(L62="","",ROW()-5)
A63: =IF(B63="","",ROW()-5) -> 58 | B63: =IFERROR(__xludf.DUMMYFUNCTION("""COMPUTED_VALUE"""),"ELISEO OLAES") -> ELISEO OLAES | C63: =IFERROR(__xludf.DUMMYFUNCTION("""COMPUTED_VALUE"""),"SENIOR") -> SENIOR | D63: =VLOOKUP(B63,'HEAD OF THE FAMILY'!B63:J1934,9,FALSE) -> BLK 5 | K63: =IF(L63="","",ROW()-5)
A64: =IF(B64="","",ROW()-5) -> 59 | B64: =IFERROR(__xludf.DUMMYFUNCTION("""COMPUTED_VALUE"""),"ELIZA DESPABELADERAS") -> ELIZA DESPABELADERAS | C64: =IFERROR(__xludf.DUMMYFUNCTION("""COMPUTED_VALUE"""),"SENIOR") -> SENIOR | D64: =VLOOKUP(B64,'HEAD OF THE FAMILY'!B64:J1934,9,FALSE) -> BLK 46 | K64: =IF(L64="","",ROW()-5)
A65: =IF(B65="","",ROW()-5) -> 60 | B65: =IFERROR(__xludf.DUMMYFUNCTION("""COMPUTED_VALUE"""),"ELIZABETH BENIGNO") -> ELIZABETH BENIGNO | C65: =IFERROR(__xludf.DUMMYFUNCTION("""COMPUTED_VALUE"""),"SENIOR") -> SENIOR | D65: =VLOOKUP(B65,'HEAD OF THE FAMILY'!B65:J1934,9,FALSE) -> BLOCK 4 | K65: =IF(L65="","",ROW()-5)
A66: =IF(B66="","",ROW()-5) -> 61 | B66: =IFERROR(__xludf.DUMMYFUNCTION("""COMPUTED_VALUE"""),"ELIZABETH BERTULFO") -> ELIZABETH BERTULFO | C66: =IFERROR(__xludf.DUMMYFUNCTION("""COMPUTED_VALUE"""),"SENIOR") -> SENIOR | D66: =VLOOKUP(B66,'HEAD OF THE FAMILY'!B66:J1934,9,FALSE) -> BLOCK 4 | K66: =IF(L66="","",ROW()-5)
A67: =IF(B67="","",ROW()-5) -> 62 | B67: =IFERROR(__xludf.DUMMYFUNCTION("""COMPUTED_VALUE"""),"ELIZABETH CANAPIT") -> ELIZABETH CANAPIT | C67: =IFERROR(__xludf.DUMMYFUNCTION("""COMPUTED_VALUE"""),"SENIOR") -> SENIOR | D67: =VLOOKUP(B67,'HEAD OF THE FAMILY'!B67:J1934,9,FALSE) -> BLK 49 | K67: =IF(L67="","",ROW()-5)
A68: =IF(B68="","",ROW()-5) -> 63 | B68: =IFERROR(__xludf.DUMMYFUNCTION("""COMPUTED_VALUE"""),"ELMER M. PASCUAL") -> ELMER M. PASCUAL | C68: =IFERROR(__xludf.DUMMYFUNCTION("""COMPUTED_VALUE"""),"SENIOR") -> SENIOR | D68: =VLOOKUP(B68,'HEAD OF THE FAMILY'!B68:J1934,9,FALSE) -> BLK 5 | K68: =IF(L68="","",ROW()-5)
A69: =IF(B69="","",ROW()-5) -> 64 | B69: =IFERROR(__xludf.DUMMYFUNCTION("""COMPUTED_VALUE"""),"ELVIRA D. OLAES") -> ELVIRA D. OLAES | C69: =IFERROR(__xludf.DUMMYFUNCTION("""COMPUTED_VALUE"""),"SENIOR") -> SENIOR | D69: =VLOOKUP(B69,'HEAD OF THE FAMILY'!B69:J1934,9,FALSE) -> BLK 49 | K69: =IF(L69="","",ROW()-5)
A70: =IF(B70="","",ROW()-5) -> 65 | B70: =IFERROR(__xludf.DUMMYFUNCTION("""COMPUTED_VALUE"""),"EMILY G. NAVARRO") -> EMILY G. NAVARRO | C70: =IFERROR(__xludf.DUMMYFUNCTION("""COMPUTED_VALUE"""),"SENIOR") -> SENIOR | D70: =VLOOKUP(B70,'HEAD OF THE FAMILY'!B70:J1934,9,FALSE) -> BLK 1 | K70: =IF(L70="","",ROW()-5)
A71: =IF(B71="","",ROW()-5) -> 66 | B71: =IFERROR(__xludf.DUMMYFUNCTION("""COMPUTED_VALUE"""),"ERNALD S. ABUEG") -> ERNALD S. ABUEG | C71: =IFERROR(__xludf.DUMMYFUNCTION("""COMPUTED_VALUE"""),"SENIOR") -> SENIOR | D71: =VLOOKUP(B71,'HEAD OF THE FAMILY'!B71:J1934,9,FALSE) -> BLK 45 | K71: =IF(L71="","",ROW()-5)
A72: =IF(B72="","",ROW()-5) -> 67 | B72: =IFERROR(__xludf.DUMMYFUNCTION("""COMPUTED_VALUE"""),"ESTER CHAVEZ") -> ESTER CHAVEZ | C72: =IFERROR(__xludf.DUMMYFUNCTION("""COMPUTED_VALUE"""),"SENIOR") -> SENIOR | D72: =VLOOKUP(B72,'HEAD OF THE FAMILY'!B72:J1934,9,FALSE) -> BLK 3 | K72: =IF(L72="","",ROW()-5)
A73: =IF(B73="","",ROW()-5) -> 68 | B73: =IFERROR(__xludf.DUMMYFUNCTION("""COMPUTED_VALUE"""),"FE SANTIAGO") -> FE SANTIAGO | C73: =IFERROR(__xludf.DUMMYFUNCTION("""COMPUTED_VALUE"""),"SENIOR") -> SENIOR | D73: =VLOOKUP(B73,'HEAD OF THE FAMILY'!B73:J1934,9,FALSE) -> BLK 41 | K73: =IF(L73="","",ROW()-5)
A74: =IF(B74="","",ROW()-5) -> 69 | B74: =IFERROR(__xludf.DUMMYFUNCTION("""COMPUTED_VALUE"""),"FELIMON HONRADO JR.") -> FELIMON HONRADO JR. | C74: =IFERROR(__xludf.DUMMYFUNCTION("""COMPUTED_VALUE"""),"SENIOR") -> SENIOR | D74: =VLOOKUP(B74,'HEAD OF THE FAMILY'!B74:J1934,9,FALSE) -> BLOCK 4 | K74: =IF(L74="","",ROW()-5)
A75: =IF(B75="","",ROW()-5) -> 70 | B75: =IFERROR(__xludf.DUMMYFUNCTION("""COMPUTED_VALUE"""),"FERDINAND G. ALONZO") -> FERDINAND G. ALONZO | C75: =IFERROR(__xludf.DUMMYFUNCTION("""COMPUTED_VALUE"""),"SENIOR") -> SENIOR | D75: =VLOOKUP(B75,'HEAD OF THE FAMILY'!B75:J1934,9,FALSE) -> BLK 41 | K75: =IF(L75="","",ROW()-5)
A76: =IF(B76="","",ROW()-5) -> 71 | B76: =IFERROR(__xludf.DUMMYFUNCTION("""COMPUTED_VALUE"""),"FLORO R. ZULUETA ") -> FLORO R. ZULUETA | C76: =IFERROR(__xludf.DUMMYFUNCTION("""COMPUTED_VALUE"""),"SENIOR") -> SENIOR | D76: =VLOOKUP(B76,'HEAD OF THE FAMILY'!B76:J1934,9,FALSE) -> BLK 41 | K76: =IF(L76="","",ROW()-5)
A77: =IF(B77="","",ROW()-5) -> 72 | B77: =IFERROR(__xludf.DUMMYFUNCTION("""COMPUTED_VALUE"""),"FRANCIS RICHARDSON") -> FRANCIS RICHARDSON | C77: =IFERROR(__xludf.DUMMYFUNCTION("""COMPUTED_VALUE"""),"SENIOR") -> SENIOR | D77: =VLOOKUP(B77,'HEAD OF THE FAMILY'!B77:J1934,9,FALSE) -> BLOCK 4 | K77: =IF(L77="","",ROW()-5)
A78: =IF(B78="","",ROW()-5) -> 73 | B78: =IFERROR(__xludf.DUMMYFUNCTION("""COMPUTED_VALUE"""),"FRANCISCA D. AMASA") -> FRANCISCA D. AMASA | C78: =IFERROR(__xludf.DUMMYFUNCTION("""COMPUTED_VALUE"""),"SENIOR") -> SENIOR | D78: =VLOOKUP(B78,'HEAD OF THE FAMILY'!B78:J1934,9,FALSE) -> BLK 1 | K78: =IF(L78="","",ROW()-5)
A79: =IF(B79="","",ROW()-5) -> 74 | B79: =IFERROR(__xludf.DUMMYFUNCTION("""COMPUTED_VALUE"""),"FROILAN CRUZ ") -> FROILAN CRUZ | C79: =IFERROR(__xludf.DUMMYFUNCTION("""COMPUTED_VALUE"""),"SENIOR") -> SENIOR | D79: =VLOOKUP(B79,'HEAD OF THE FAMILY'!B79:J1934,9,FALSE) -> BLK 3 | K79: =IF(L79="","",ROW()-5)
A80: =IF(B80="","",ROW()-5) -> 75 | B80: =IFERROR(__xludf.DUMMYFUNCTION("""COMPUTED_VALUE"""),"GLORIA C. DOMANAIS") -> GLORIA C. DOMANAIS | C80: =IFERROR(__xludf.DUMMYFUNCTION("""COMPUTED_VALUE"""),"SENIOR") -> SENIOR | D80: =VLOOKUP(B80,'HEAD OF THE FAMILY'!B80:J1934,9,FALSE) -> BLK 41 | K80: =IF(L80="","",ROW()-5)
A81: =IF(B81="","",ROW()-5) -> 76 | B81: =IFERROR(__xludf.DUMMYFUNCTION("""COMPUTED_VALUE"""),"GREGORIO MAGONCIA SR.") -> GREGORIO MAGONCIA SR. | C81: =IFERROR(__xludf.DUMMYFUNCTION("""COMPUTED_VALUE"""),"SENIOR") -> SENIOR | D81: =VLOOKUP(B81,'HEAD OF THE FAMILY'!B81:J1934,9,FALSE) -> BLK 3 | K81: =IF(L81="","",ROW()-5)
A82: =IF(B82="","",ROW()-5) -> 77 | B82: =IFERROR(__xludf.DUMMYFUNCTION("""COMPUTED_VALUE"""),"HERMINIGILDO N SALINAS") -> HERMINIGILDO N SALINAS | C82: =IFERROR(__xludf.DUMMYFUNCTION("""COMPUTED_VALUE"""),"SENIOR") -> SENIOR | D82: =VLOOKUP(B82,'HEAD OF THE FAMILY'!B82:J1934,9,FALSE) -> BLOCK 4 | K82: =IF(L82="","",ROW()-5)
A83: =IF(B83="","",ROW()-5) -> 78 | B83: =IFERROR(__xludf.DUMMYFUNCTION("""COMPUTED_VALUE"""),"HONORIO F. CHUNSIM") -> HONORIO F. CHUNSIM | C83: =IFERROR(__xludf.DUMMYFUNCTION("""COMPUTED_VALUE"""),"SENIOR") -> SENIOR | D83: =VLOOKUP(B83,'HEAD OF THE FAMILY'!B83:J1934,9,FALSE) -> BLOCK 4 | K83: =IF(L83="","",ROW()-5)
A84: =IF(B84="","",ROW()-5) -> 79 | B84: =IFERROR(__xludf.DUMMYFUNCTION("""COMPUTED_VALUE"""),"ISAGANI PUNZALAN ") -> ISAGANI PUNZALAN | C84: =IFERROR(__xludf.DUMMYFUNCTION("""COMPUTED_VALUE"""),"SENIOR") -> SENIOR | D84: =VLOOKUP(B84,'HEAD OF THE FAMILY'!B84:J1934,9,FALSE) -> BLK 45 | K84: =IF(L84="","",ROW()-5)
A85: =IF(B85="","",ROW()-5) -> 80 | B85: =IFERROR(__xludf.DUMMYFUNCTION("""COMPUTED_VALUE"""),"JAIME BELTRAN JARIN") -> JAIME BELTRAN JARIN | C85: =IFERROR(__xludf.DUMMYFUNCTION("""COMPUTED_VALUE"""),"SENIOR") -> SENIOR | D85: =VLOOKUP(B85,'HEAD OF THE FAMILY'!B85:J1934,9,FALSE) -> BLK 5 | K85: =IF(L85="","",ROW()-5)
A86: =IF(B86="","",ROW()-5) -> 81 | B86: =IFERROR(__xludf.DUMMYFUNCTION("""COMPUTED_VALUE"""),"JANET LOPINIA") -> JANET LOPINIA | C86: =IFERROR(__xludf.DUMMYFUNCTION("""COMPUTED_VALUE"""),"SENIOR") -> SENIOR | D86: =VLOOKUP(B86,'HEAD OF THE FAMILY'!B86:J1934,9,FALSE) -> BLK 49 | K86: =IF(L86="","",ROW()-5)
A87: =IF(B87="","",ROW()-5) -> 82 | B87: =IFERROR(__xludf.DUMMYFUNCTION("""COMPUTED_VALUE"""),"JESSIE C AMANCIO") -> JESSIE C AMANCIO | C87: =IFERROR(__xludf.DUMMYFUNCTION("""COMPUTED_VALUE"""),"SENIOR") -> SENIOR | D87: =VLOOKUP(B87,'HEAD OF THE FAMILY'!B87:J1934,9,FALSE) -> BLK 45 | K87: =IF(L87="","",ROW()-5)
A88: =IF(B88="","",ROW()-5) -> 83 | B88: =IFERROR(__xludf.DUMMYFUNCTION("""COMPUTED_VALUE"""),"JESUS SILVA") -> JESUS SILVA | C88: =IFERROR(__xludf.DUMMYFUNCTION("""COMPUTED_VALUE"""),"SENIOR") -> SENIOR | D88: =VLOOKUP(B88,'HEAD OF THE FAMILY'!B88:J1934,9,FALSE) -> BLK 49 | K88: =IF(L88="","",ROW()-5)
A89: =IF(B89="","",ROW()-5) -> 84 | B89: =IFERROR(__xludf.DUMMYFUNCTION("""COMPUTED_VALUE"""),"JOCELYN DELA TORRE") -> JOCELYN DELA TORRE | C89: =IFERROR(__xludf.DUMMYFUNCTION("""COMPUTED_VALUE"""),"SENIOR") -> SENIOR | D89: =VLOOKUP(B89,'HEAD OF THE FAMILY'!B89:J1934,9,FALSE) -> BLK 46 | K89: =IF(L89="","",ROW()-5)
A90: =IF(B90="","",ROW()-5) -> 85 | B90: =IFERROR(__xludf.DUMMYFUNCTION("""COMPUTED_VALUE"""),"JOSE CORNELIO JR.") -> JOSE CORNELIO JR. | C90: =IFERROR(__xludf.DUMMYFUNCTION("""COMPUTED_VALUE"""),"SENIOR") -> SENIOR | D90: =VLOOKUP(B90,'HEAD OF THE FAMILY'!B90:J1934,9,FALSE) -> BLK 3 | K90: =IF(L90="","",ROW()-5)
A91: =IF(B91="","",ROW()-5) -> 86 | B91: =IFERROR(__xludf.DUMMYFUNCTION("""COMPUTED_VALUE"""),"JOSEFINA STO TOMAS") -> JOSEFINA STO TOMAS | C91: =IFERROR(__xludf.DUMMYFUNCTION("""COMPUTED_VALUE"""),"SENIOR") -> SENIOR | D91: =VLOOKUP(B91,'HEAD OF THE FAMILY'!B91:J1934,9,FALSE) -> BLK 46 | K91: =IF(L91="","",ROW()-5)
A92: =IF(B92="","",ROW()-5) -> 87 | B92: =IFERROR(__xludf.DUMMYFUNCTION("""COMPUTED_VALUE"""),"JOSELITO C. TOLENTINO SR.") -> JOSELITO C. TOLENTINO SR. | C92: =IFERROR(__xludf.DUMMYFUNCTION("""COMPUTED_VALUE"""),"SENIOR") -> SENIOR | D92: =VLOOKUP(B92,'HEAD OF THE FAMILY'!B92:J1934,9,FALSE) -> BLK 41 | K92: =IF(L92="","",ROW()-5)
A93: =IF(B93="","",ROW()-5) -> 88 | B93: =IFERROR(__xludf.DUMMYFUNCTION("""COMPUTED_VALUE"""),"JOSELITO CORNELIO") -> JOSELITO CORNELIO | C93: =IFERROR(__xludf.DUMMYFUNCTION("""COMPUTED_VALUE"""),"SENIOR") -> SENIOR | D93: =VLOOKUP(B93,'HEAD OF THE FAMILY'!B93:J1934,9,FALSE) -> BLOCK 4 | K93: =IF(L93="","",ROW()-5)
A94: =IF(B94="","",ROW()-5) -> 89 | B94: =IFERROR(__xludf.DUMMYFUNCTION("""COMPUTED_VALUE"""),"JOSELITO PUSING") -> JOSELITO PUSING | C94: =IFERROR(__xludf.DUMMYFUNCTION("""COMPUTED_VALUE"""),"SENIOR") -> SENIOR | D94: =VLOOKUP(B94,'HEAD OF THE FAMILY'!B94:J1934,9,FALSE) -> BLK 45 | K94: =IF(L94="","",ROW()-5)
A95: =IF(B95="","",ROW()-5) -> 90 | B95: =IFERROR(__xludf.DUMMYFUNCTION("""COMPUTED_VALUE"""),"JOSEPHINE DUMAOG ") -> JOSEPHINE DUMAOG | C95: =IFERROR(__xludf.DUMMYFUNCTION("""COMPUTED_VALUE"""),"SENIOR") -> SENIOR | D95: =VLOOKUP(B95,'HEAD OF THE FAMILY'!B95:J1934,9,FALSE) -> BLK 41 | K95: =IF(L95="","",ROW()-5)
A96: =IF(B96="","",ROW()-5) -> 91 | B96: =IFERROR(__xludf.DUMMYFUNCTION("""COMPUTED_VALUE"""),"JULIETA MARTINEZ ") -> JULIETA MARTINEZ | C96: =IFERROR(__xludf.DUMMYFUNCTION("""COMPUTED_VALUE"""),"SENIOR") -> SENIOR | D96: =VLOOKUP(B96,'HEAD OF THE FAMILY'!B96:J1934,9,FALSE) -> BLK 5 | K96: =IF(L96="","",ROW()-5)
A97: =IF(B97="","",ROW()-5) -> 92 | B97: =IFERROR(__xludf.DUMMYFUNCTION("""COMPUTED_VALUE"""),"JULIO BALMACEDA") -> JULIO BALMACEDA | C97: =IFERROR(__xludf.DUMMYFUNCTION("""COMPUTED_VALUE"""),"SENIOR") -> SENIOR | D97: =VLOOKUP(B97,'HEAD OF THE FAMILY'!B97:J1934,9,FALSE) -> BLK 41 | K97: =IF(L97="","",ROW()-5)
A98: =IF(B98="","",ROW()-5) -> 93 | B98: =IFERROR(__xludf.DUMMYFUNCTION("""COMPUTED_VALUE"""),"JUNLIE DELIGAN") -> JUNLIE DELIGAN | C98: =IFERROR(__xludf.DUMMYFUNCTION("""COMPUTED_VALUE"""),"SENIOR") -> SENIOR | D98: =VLOOKUP(B98,'HEAD OF THE FAMILY'!B98:J1934,9,FALSE) -> BLK 5 | K98: =IF(L98="","",ROW()-5)
A99: =IF(B99="","",ROW()-5) -> 94 | B99: =IFERROR(__xludf.DUMMYFUNCTION("""COMPUTED_VALUE"""),"LAZARO ELLANA") -> LAZARO ELLANA | C99: =IFERROR(__xludf.DUMMYFUNCTION("""COMPUTED_VALUE"""),"SENIOR") -> SENIOR | D99: =VLOOKUP(B99,'HEAD OF THE FAMILY'!B99:J1934,9,FALSE) -> BLOCK 4 | K99: =IF(L99="","",ROW()-5)
A100: =IF(B100="","",ROW()-5) -> 95 | B100: =IFERROR(__xludf.DUMMYFUNCTION("""COMPUTED_VALUE"""),"LEDRICA DUCO") -> LEDRICA DUCO | C100: =IFERROR(__xludf.DUMMYFUNCTION("""COMPUTED_VALUE"""),"SENIOR") -> SENIOR | D100: =VLOOKUP(B100,'HEAD OF THE FAMILY'!B100:J1934,9,FALSE) -> BLK 1 | K100: =IF(L100="","",ROW()-5)
A101: =IF(B101="","",ROW()-5) -> 96 | B101: =IFERROR(__xludf.DUMMYFUNCTION("""COMPUTED_VALUE"""),"LENNY VILLARINO") -> LENNY VILLARINO | C101: =IFERROR(__xludf.DUMMYFUNCTION("""COMPUTED_VALUE"""),"SENIOR") -> SENIOR | D101: =VLOOKUP(B101,'HEAD OF THE FAMILY'!B101:J1934,9,FALSE) -> BLK 49 | K101: =IF(L101="","",ROW()-5)
...

Sheet SEARCH PROTOTYPE
B2: BARANGAY SAN MIGUEL II DATA INFORMATION
B4: HEAD OF THE FAMILY: | C4: AARON CARL EJANDRA | E4: PARTNER: | F4: =VLOOKUP($C$4,'HEAD OF THE FAMILY'!$B$6:$P1004,7,FALSE) -> MA. LOUELLA L. EJANDRA
B5: CATEGORY: | C5: =VLOOKUP($C$4,'HEAD OF THE FAMILY'!$B$6:$P1004,2,FALSE) -> N/A | E5: CATEGORY: | F5: =VLOOKUP($C$4,'HEAD OF THE FAMILY'!$B$6:$P1004,8,FALSE)
B6: BIRTHDAY: | C6: =VLOOKUP($C$4,'HEAD OF THE FAMILY'!$B$6:$P1004,3,FALSE) | E6: BIRTHDAY: | F6: =VLOOKUP($C$4,'HEAD OF THE FAMILY'!$B$6:$P1004,11,FALSE)
B7: PRECINT NO.: | C7: =VLOOKUP($C$4,'HEAD OF THE FAMILY'!$B$6:$P1004,4,FALSE) | E7: PRECINT NO.: | F7: =VLOOKUP($C$4,'HEAD OF THE FAMILY'!$B$6:$P1004,12,FALSE)
B8: STATUS: | C8: =VLOOKUP($C$4,'HEAD OF THE FAMILY'!$B$6:$P1004,5,FALSE) -> ACTIVE | E8: STATUS: | F8: =VLOOKUP($C$4,'HEAD OF THE FAMILY'!$B$6:$P1004,13,FALSE) -> UNREGISTERED
B9: CHILDREN FOUND: | C9: =COUNT(A15:A1004) -> 3
B10: ADDRESS:
B11: BLK: | C11: =VLOOKUP($C$4,'HEAD OF THE FAMILY'!$B$6:$P1004,9,FALSE) -> BLK 3
B12: LOT: | C12: =VLOOKUP($C$4,'HEAD OF THE FAMILY'!$B$6:$P1004,10,FALSE) -> 5
A14: NO. | B14: =IFERROR(__xludf.DUMMYFUNCTION("QUERY(CHILDREN,""SELECT B,C,F,G,H,I where E='""&C4&""'"",1)"),"SURNAME") -> SURNAME | C14: =IFERROR(__xludf.DUMMYFUNCTION("""COMPUTED_VALUE"""),"FIRSTNAME") -> FIRSTNAME | D14: =IFERROR(__xludf.DUMMYFUNCTION("""COMPUTED_VALUE"""),"CATEGORY") -> CATEGORY | E14: =IFERROR(__xludf.DUMMYFUNCTION("""COMPUTED_VALUE"""),"BIRTHDAY") -> BIRTHDAY | F14: =IFERROR(__xludf.DUMMYFUNCTION("""COMPUTED_VALUE"""),"PRECINT NO.") -> PRECINT NO. | G14: =IFERROR(__xludf.DUMMYFUNCTION("""COMPUTED_VALUE"""),"STATUS") -> STATUS
A15: =IF(B15="","",ROW()-14) -> 1 | B15: =IFERROR(__xludf.DUMMYFUNCTION("""COMPUTED_VALUE"""),"EJANDRA") -> EJANDRA | C15: =IFERROR(__xludf.DUMMYFUNCTION("""COMPUTED_VALUE"""),"RACE ANDREI") -> RACE ANDREI
A16: =IF(B16="","",ROW()-14) -> 2 | B16: =IFERROR(__xludf.DUMMYFUNCTION("""COMPUTED_VALUE"""),"EJANDRA") -> EJANDRA | C16: =IFERROR(__xludf.DUMMYFUNCTION("""COMPUTED_VALUE"""),"RAJE OSHTON") -> RAJE OSHTON
A17: =IF(B17="","",ROW()-14) -> 3 | B17: =IFERROR(__xludf.DUMMYFUNCTION("""COMPUTED_VALUE"""),"EJANDRA") -> EJANDRA | C17: =IFERROR(__xludf.DUMMYFUNCTION("""COMPUTED_VALUE"""),"REIN MAXINE") -> REIN MAXINE
A18: =IF(B18="","",ROW()-14)
A19: =IF(B19="","",ROW()-14)
A20: =IF(B20="","",ROW()-14)
A21: =IF(B21="","",ROW()-14)
A22: =IF(B22="","",ROW()-14)
A23: =IF(B23="","",ROW()-14)
A24: =IF(B24="","",ROW()-14)
A25: =IF(B25="","",ROW()-14)
A26: =IF(B26="","",ROW()-14)
A27: =IF(B27="","",ROW()-14)
A28: =IF(B28="","",ROW()-14)
A29: =IF(B29="","",ROW()-14)
... A1004: =IF(B1004="","",ROW()-14)

Sheet CHILDREN PER BLOCK
B2: FIRSNAME🔎 :
B3: DATA FOUND: | C3: =SUBTOTAL(2,A6:A1501) -> 994
A6: NO. | B6: SURNAME | C6: FIRSTNAME | D6: M.I | E6: HEAD OF THE FAMILY
A7: =IF(B7="","",ROW()-6) -> 1 | B7: =IFERROR(__xludf.DUMMYFUNCTION("IFERROR(FILTER(CHILDREN!B6:I1501,ISNUMBER(SEARCH(LOWER(C2), LOWER(CHILDREN!B6:B1501)))), ""NO MATCH FOUND"")"),"BILLONES") -> BILLONES | C7: =IFERROR(__xludf.DUMMYFUNCTION("""COMPUTED_VALUE"""),"NELJOHN") -> NELJOHN | E7: =IFERROR(__xludf.DUMMYFUNCTION("""COMPUTED_VALUE"""),"NELVIN BILLONES") -> NELVIN BILLONES
A8: =IF(B8="","",ROW()-6) -> 2 | B8: =IFERROR(__xludf.DUMMYFUNCTION("""COMPUTED_VALUE"""),"BILLONES") -> BILLONES | C8: =IFERROR(__xludf.DUMMYFUNCTION("""COMPUTED_VALUE"""),"PRECIUS YHANA") -> PRECIUS YHANA | E8: =IFERROR(__xludf.DUMMYFUNCTION("""COMPUTED_VALUE"""),"NELVIN BILLONES") -> NELVIN BILLONES
A9: =IF(B9="","",ROW()-6) -> 3 | B9: =IFERROR(__xludf.DUMMYFUNCTION("""COMPUTED_VALUE"""),"BILLONES") -> BILLONES | C9: =IFERROR(__xludf.DUMMYFUNCTION("""COMPUTED_VALUE"""),"PRINCE YUAN") -> PRINCE YUAN | E9: =IFERROR(__xludf.DUMMYFUNCTION("""COMPUTED_VALUE"""),"NELVIN BILLONES") -> NELVIN BILLONES
A10: =IF(B10="","",ROW()-6) -> 4 | B10: =IFERROR(__xludf.DUMMYFUNCTION("""COMPUTED_VALUE"""),"BILLONES") -> BILLONES | C10: =IFERROR(__xludf.DUMMYFUNCTION("""COMPUTED_VALUE"""),"NERISSA") -> NERISSA | D10: =IFERROR(__xludf.DUMMYFUNCTION("""COMPUTED_VALUE"""),"P.") -> P. | E10: =IFERROR(__xludf.DUMMYFUNCTION("""COMPUTED_VALUE"""),"NELVIN BILLONES") -> NELVIN BILLONES
A11: =IF(B11="","",ROW()-6) -> 5 | B11: =IFERROR(__xludf.DUMMYFUNCTION("""COMPUTED_VALUE"""),"BILLONES") -> BILLONES | C11: =IFERROR(__xludf.DUMMYFUNCTION("""COMPUTED_VALUE"""),"MARK GIL AERON") -> MARK GIL AERON | D11: =IFERROR(__xludf.DUMMYFUNCTION("""COMPUTED_VALUE"""),"P.") -> P. | E11: =IFERROR(__xludf.DUMMYFUNCTION("""COMPUTED_VALUE"""),"ROGELIO S. BILLONES") -> ROGELIO S. BILLONES
A12: =IF(B12="","",ROW()-6) -> 6 | B12: =IFERROR(__xludf.DUMMYFUNCTION("""COMPUTED_VALUE"""),"MARTIN ") -> MARTIN | C12: =IFERROR(__xludf.DUMMYFUNCTION("""COMPUTED_VALUE"""),"MARIANNE MILES") -> MARIANNE MILES | E12: =IFERROR(__xludf.DUMMYFUNCTION("""COMPUTED_VALUE"""),"NORMAN BILLONES") -> NORMAN BILLONES
A13: =IF(B13="","",ROW()-6) -> 7 | B13: =IFERROR(__xludf.DUMMYFUNCTION("""COMPUTED_VALUE"""),"BILLONES") -> BILLONES | C13: =IFERROR(__xludf.DUMMYFUNCTION("""COMPUTED_VALUE"""),"JOHN VILLMAR") -> JOHN VILLMAR | D13: =IFERROR(__xludf.DUMMYFUNCTION("""COMPUTED_VALUE"""),"M.") -> M. | E13: =IFERROR(__xludf.DUMMYFUNCTION("""COMPUTED_VALUE"""),"NORMAN BILLONES") -> NORMAN BILLONES
A14: =IF(B14="","",ROW()-6) -> 8 | B14: =IFERROR(__xludf.DUMMYFUNCTION("""COMPUTED_VALUE"""),"BILLONES") -> BILLONES | C14: =IFERROR(__xludf.DUMMYFUNCTION("""COMPUTED_VALUE"""),"SHARESCA MILES") -> SHARESCA MILES | D14: =IFERROR(__xludf.DUMMYFUNCTION("""COMPUTED_VALUE"""),"M.") -> M. | E14: =IFERROR(__xludf.DUMMYFUNCTION("""COMPUTED_VALUE"""),"NORMAN BILLONES") -> NORMAN BILLONES
A15: =IF(B15="","",ROW()-6) -> 9 | B15: =IFERROR(__xludf.DUMMYFUNCTION("""COMPUTED_VALUE"""),"BILLONES") -> BILLONES | C15: =IFERROR(__xludf.DUMMYFUNCTION("""COMPUTED_VALUE"""),"AYRA NAINE") -> AYRA NAINE | D15: =IFERROR(__xludf.DUMMYFUNCTION("""COMPUTED_VALUE"""),"M.") -> M. | E15: =IFERROR(__xludf.DUMMYFUNCTION("""COMPUTED_VALUE"""),"NORMAN BILLONES") -> NORMAN BILLONES
A16: =IF(B16="","",ROW()-6) -> 10 | B16: =IFERROR(__xludf.DUMMYFUNCTION("""COMPUTED_VALUE"""),"BILLONES") -> BILLONES | C16: =IFERROR(__xludf.DUMMYFUNCTION("""COMPUTED_VALUE"""),"STEPHEN GAEL") -> STEPHEN GAEL | D16: =IFERROR(__xludf.DUMMYFUNCTION("""COMPUTED_VALUE"""),"M.") -> M. | E16: =IFERROR(__xludf.DUMMYFUNCTION("""COMPUTED_VALUE"""),"NORMAN BILLONES") -> NORMAN BILLONES
A17: =IF(B17="","",ROW()-6) -> 11 | B17: =IFERROR(__xludf.DUMMYFUNCTION("""COMPUTED_VALUE"""),"BILLONES") -> BILLONES | C17: =IFERROR(__xludf.DUMMYFUNCTION("""COMPUTED_VALUE"""),"E.R") -> E.R | E17: =IFERROR(__xludf.DUMMYFUNCTION("""COMPUTED_VALUE"""),"NORMAN BILLONES") -> NORMAN BILLONES
A18: =IF(B18="","",ROW()-6) -> 12 | B18: =IFERROR(__xludf.DUMMYFUNCTION("""COMPUTED_VALUE"""),"LABUTIN ") -> LABUTIN | C18: =IFERROR(__xludf.DUMMYFUNCTION("""COMPUTED_VALUE"""),"JHONROGELIO") -> JHONROGELIO | D18: =IFERROR(__xludf.DUMMYFUNCTION("""COMPUTED_VALUE"""),"B.") -> B. | E18: =IFERROR(__xludf.DUMMYFUNCTION("""COMPUTED_VALUE"""),"ROGELIO A. LABUTIN") -> ROGELIO A. LABUTIN
A19: =IF(B19="","",ROW()-6) -> 13 | B19: =IFERROR(__xludf.DUMMYFUNCTION("""COMPUTED_VALUE"""),"LABUTIN ") -> LABUTIN | C19: =IFERROR(__xludf.DUMMYFUNCTION("""COMPUTED_VALUE"""),"ARZEL") -> ARZEL | D19: =IFERROR(__xludf.DUMMYFUNCTION("""COMPUTED_VALUE"""),"B.") -> B. | E19: =IFERROR(__xludf.DUMMYFUNCTION("""COMPUTED_VALUE"""),"ROGELIO A. LABUTIN") -> ROGELIO A. LABUTIN
A20: =IF(B20="","",ROW()-6) -> 14 | B20: =IFERROR(__xludf.DUMMYFUNCTION("""COMPUTED_VALUE"""),"AYUDAN") -> AYUDAN | C20: =IFERROR(__xludf.DUMMYFUNCTION("""COMPUTED_VALUE"""),"MARIA PAULIN") -> MARIA PAULIN | D20: =IFERROR(__xludf.DUMMYFUNCTION("""COMPUTED_VALUE"""),"C.") -> C. | E20: =IFERROR(__xludf.DUMMYFUNCTION("""COMPUTED_VALUE"""),"RENATO AYUDAN") -> RENATO AYUDAN
A21: =IF(B21="","",ROW()-6) -> 15 | B21: =IFERROR(__xludf.DUMMYFUNCTION("""COMPUTED_VALUE"""),"LAOLA") -> LAOLA | C21: =IFERROR(__xludf.DUMMYFUNCTION("""COMPUTED_VALUE"""),"ELLA") -> ELLA | D21: =IFERROR(__xludf.DUMMYFUNCTION("""COMPUTED_VALUE"""),"C.") -> C. | E21: =IFERROR(__xludf.DUMMYFUNCTION("""COMPUTED_VALUE"""),"RENATO AYUDAN") -> RENATO AYUDAN
A22: =IF(B22="","",ROW()-6) -> 16 | B22: =IFERROR(__xludf.DUMMYFUNCTION("""COMPUTED_VALUE"""),"SALAMAT") -> SALAMAT | C22: =IFERROR(__xludf.DUMMYFUNCTION("""COMPUTED_VALUE"""),"SHAWN JAYVE") -> SHAWN JAYVE | E22: =IFERROR(__xludf.DUMMYFUNCTION("""COMPUTED_VALUE"""),"SHERWIN JAY SALAMAT") -> SHERWIN JAY SALAMAT
A23: =IF(B23="","",ROW()-6) -> 17 | B23: =IFERROR(__xludf.DUMMYFUNCTION("""COMPUTED_VALUE"""),"SALAMAT") -> SALAMAT | C23: =IFERROR(__xludf.DUMMYFUNCTION("""COMPUTED_VALUE"""),"SHAMARA JHADE") -> SHAMARA JHADE | E23: =IFERROR(__xludf.DUMMYFUNCTION("""COMPUTED_VALUE"""),"SHERWIN JAY SALAMAT") -> SHERWIN JAY SALAMAT
A24: =IF(B24="","",ROW()-6) -> 18 | B24: =IFERROR(__xludf.DUMMYFUNCTION("""COMPUTED_VALUE"""),"MIRASOL") -> MIRASOL | C24: =IFERROR(__xludf.DUMMYFUNCTION("""COMPUTED_VALUE"""),"JEFFREY S. MIRASOL") -> JEFFREY S. MIRASOL
A25: =IF(B25="","",ROW()-6) -> 19 | B25: =IFERROR(__xludf.DUMMYFUNCTION("""COMPUTED_VALUE"""),"BADAGUAS") -> BADAGUAS | C25: =IFERROR(__xludf.DUMMYFUNCTION("""COMPUTED_VALUE"""),"JASMIR ALI") -> JASMIR ALI | D25: =IFERROR(__xludf.DUMMYFUNCTION("""COMPUTED_VALUE"""),"M.") -> M. | E25: =IFERROR(__xludf.DUMMYFUNCTION("""COMPUTED_VALUE"""),"JENNALYN S. MIRASOL") -> JENNALYN S. MIRASOL
A26: =IF(B26="","",ROW()-6) -> 20 | B26: =IFERROR(__xludf.DUMMYFUNCTION("""COMPUTED_VALUE"""),"LEBOSADA") -> LEBOSADA | C26: =IFERROR(__xludf.DUMMYFUNCTION("""COMPUTED_VALUE"""),"JANEGELLE") -> JANEGELLE | D26: =IFERROR(__xludf.DUMMYFUNCTION("""COMPUTED_VALUE"""),"H.") -> H. | E26: =IFERROR(__xludf.DUMMYFUNCTION("""COMPUTED_VALUE"""),"AGAPITO A. HILARIO") -> AGAPITO A. HILARIO
A27: =IF(B27="","",ROW()-6) -> 21 | B27: =IFERROR(__xludf.DUMMYFUNCTION("""COMPUTED_VALUE"""),"CABRERA") -> CABRERA | C27: =IFERROR(__xludf.DUMMYFUNCTION("""COMPUTED_VALUE"""),"JAYCEERYN") -> JAYCEERYN | D27: =IFERROR(__xludf.DUMMYFUNCTION("""COMPUTED_VALUE"""),"H.") -> H. | E27: =IFERROR(__xludf.DUMMYFUNCTION("""COMPUTED_VALUE"""),"AGAPITO A. HILARIO") -> AGAPITO A. HILARIO
A28: =IF(B28="","",ROW()-6) -> 22 | B28: =IFERROR(__xludf.DUMMYFUNCTION("""COMPUTED_VALUE"""),"AMASA") -> AMASA | C28: =IFERROR(__xludf.DUMMYFUNCTION("""COMPUTED_VALUE"""),"PRIMO KIEL") -> PRIMO KIEL | E28: =IFERROR(__xludf.DUMMYFUNCTION("""COMPUTED_VALUE"""),"PRINCE NHIMWELL L. AMASA") -> PRINCE NHIMWELL L. AMASA
A29: =IF(B29="","",ROW()-6) -> 23 | B29: =IFERROR(__xludf.DUMMYFUNCTION("""COMPUTED_VALUE"""),"AMASA") -> AMASA | C29: =IFERROR(__xludf.DUMMYFUNCTION("""COMPUTED_VALUE"""),"PRINCE NHIMWELL ") -> PRINCE NHIMWELL | D29: =IFERROR(__xludf.DUMMYFUNCTION("""COMPUTED_VALUE"""),"L.") -> L. | E29: =IFERROR(__xludf.DUMMYFUNCTION("""COMPUTED_VALUE"""),"NHOEL D. AMASA") -> NHOEL D. AMASA
A30: =IF(B30="","",ROW()-6) -> 24 | B30: =IFERROR(__xludf.DUMMYFUNCTION("""COMPUTED_VALUE"""),"AMASA") -> AMASA | C30: =IFERROR(__xludf.DUMMYFUNCTION("""COMPUTED_VALUE"""),"NHICOLE") -> NHICOLE | D30: =IFERROR(__xludf.DUMMYFUNCTION("""COMPUTED_VALUE"""),"L.") -> L. | E30: =IFERROR(__xludf.DUMMYFUNCTION("""COMPUTED_VALUE"""),"NHOEL D. AMASA") -> NHOEL D. AMASA
A31: =IF(B31="","",ROW()-6) -> 25 | B31: =IFERROR(__xludf.DUMMYFUNCTION("""COMPUTED_VALUE"""),"AMASA") -> AMASA | C31: =IFERROR(__xludf.DUMMYFUNCTION("""COMPUTED_VALUE"""),"NHATALEE") -> NHATALEE | D31: =IFERROR(__xludf.DUMMYFUNCTION("""COMPUTED_VALUE"""),"L.") -> L. | E31: =IFERROR(__xludf.DUMMYFUNCTION("""COMPUTED_VALUE"""),"NHOEL D. AMASA") -> NHOEL D. AMASA
A32: =IF(B32="","",ROW()-6) -> 26 | B32: =IFERROR(__xludf.DUMMYFUNCTION("""COMPUTED_VALUE"""),"AMASA") -> AMASA | C32: =IFERROR(__xludf.DUMMYFUNCTION("""COMPUTED_VALUE"""),"ANGELITO") -> ANGELITO | D32: =IFERROR(__xludf.DUMMYFUNCTION("""COMPUTED_VALUE"""),"L.") -> L. | E32: =IFERROR(__xludf.DUMMYFUNCTION("""COMPUTED_VALUE"""),"NHOEL D. AMASA") -> NHOEL D. AMASA
A33: =IF(B33="","",ROW()-6) -> 27 | B33: =IFERROR(__xludf.DUMMYFUNCTION("""COMPUTED_VALUE"""),"AMASA") -> AMASA | C33: =IFERROR(__xludf.DUMMYFUNCTION("""COMPUTED_VALUE"""),"ROY") -> ROY | E33: =IFERROR(__xludf.DUMMYFUNCTION("""COMPUTED_VALUE"""),"NELSON D. AMASA") -> NELSON D. AMASA
A34: =IF(B34="","",ROW()-6) -> 28 | B34: =IFERROR(__xludf.DUMMYFUNCTION("""COMPUTED_VALUE"""),"AMASA ") -> AMASA | C34: =IFERROR(__xludf.DUMMYFUNCTION("""COMPUTED_VALUE"""),"JOSEPH") -> JOSEPH | D34: =IFERROR(__xludf.DUMMYFUNCTION("""COMPUTED_VALUE"""),"I.") -> I. | E34: =IFERROR(__xludf.DUMMYFUNCTION("""COMPUTED_VALUE"""),"JOSHUA D. AMASA") -> JOSHUA D. AMASA
A35: =IF(B35="","",ROW()-6) -> 29 | B35: =IFERROR(__xludf.DUMMYFUNCTION("""COMPUTED_VALUE"""),"BULOS") -> BULOS | C35: =IFERROR(__xludf.DUMMYFUNCTION("""COMPUTED_VALUE"""),"DAPHNE CHLOE") -> DAPHNE CHLOE | E35: =IFERROR(__xludf.DUMMYFUNCTION("""COMPUTED_VALUE"""),"JENNY C. HUGO") -> JENNY C. HUGO
A36: =IF(B36="","",ROW()-6) -> 30 | B36: =IFERROR(__xludf.DUMMYFUNCTION("""COMPUTED_VALUE"""),"BULOS") -> BULOS | C36: =IFERROR(__xludf.DUMMYFUNCTION("""COMPUTED_VALUE"""),"DAMIANE JHON") -> DAMIANE JHON | E36: =IFERROR(__xludf.DUMMYFUNCTION("""COMPUTED_VALUE"""),"JENNY C. HUGO") -> JENNY C. HUGO
A37: =IF(B37="","",ROW()-6) -> 31 | B37: =IFERROR(__xludf.DUMMYFUNCTION("""COMPUTED_VALUE"""),"BULOS") -> BULOS | C37: =IFERROR(__xludf.DUMMYFUNCTION("""COMPUTED_VALUE"""),"DARRISE JUDIEL") -> DARRISE JUDIEL | E37: =IFERROR(__xludf.DUMMYFUNCTION("""COMPUTED_VALUE"""),"JENNY C. HUGO") -> JENNY C. HUGO
A38: =IF(B38="","",ROW()-6) -> 32 | B38: =IFERROR(__xludf.DUMMYFUNCTION("""COMPUTED_VALUE"""),"PARAS") -> PARAS | C38: =IFERROR(__xludf.DUMMYFUNCTION("""COMPUTED_VALUE"""),"JANICE") -> JANICE | E38: =IFERROR(__xludf.DUMMYFUNCTION("""COMPUTED_VALUE"""),"DILLON PARAS") -> DILLON PARAS
A39: =IF(B39="","",ROW()-6) -> 33 | B39: =IFERROR(__xludf.DUMMYFUNCTION("""COMPUTED_VALUE"""),"PARAS") -> PARAS | C39: =IFERROR(__xludf.DUMMYFUNCTION("""COMPUTED_VALUE"""),"ESTIAN") -> ESTIAN | E39: =IFERROR(__xludf.DUMMYFUNCTION("""COMPUTED_VALUE"""),"DILLON PARAS") -> DILLON PARAS
A40: =IF(B40="","",ROW()-6) -> 34 | B40: =IFERROR(__xludf.DUMMYFUNCTION("""COMPUTED_VALUE"""),"CHRISTIAN") -> CHRISTIAN | C40: =IFERROR(__xludf.DUMMYFUNCTION("""COMPUTED_VALUE"""),"JOSON") -> JOSON | E40: =IFERROR(__xludf.DUMMYFUNCTION("""COMPUTED_VALUE"""),"VIRGILIO JOSON") -> VIRGILIO JOSON
A41: =IF(B41="","",ROW()-6) -> 35 | B41: =IFERROR(__xludf.DUMMYFUNCTION("""COMPUTED_VALUE"""),"PARAS") -> PARAS | C41: =IFERROR(__xludf.DUMMYFUNCTION("""COMPUTED_VALUE"""),"FAITH") -> FAITH | E41: =IFERROR(__xludf.DUMMYFUNCTION("""COMPUTED_VALUE"""),"MICHELLE PARAS") -> MICHELLE PARAS
A42: =IF(B42="","",ROW()-6) -> 36 | B42: =IFERROR(__xludf.DUMMYFUNCTION("""COMPUTED_VALUE"""),"RAFIÑAN") -> RAFIÑAN | C42: =IFERROR(__xludf.DUMMYFUNCTION("""COMPUTED_VALUE"""),"KING STANLEY") -> KING STANLEY | E42: =IFERROR(__xludf.DUMMYFUNCTION("""COMPUTED_VALUE"""),"JONATHAN RAFIÑAN") -> JONATHAN RAFIÑAN
A43: =IF(B43="","",ROW()-6) -> 37 | B43: =IFERROR(__xludf.DUMMYFUNCTION("""COMPUTED_VALUE"""),"RAFIÑAN") -> RAFIÑAN | C43: =IFERROR(__xludf.DUMMYFUNCTION("""COMPUTED_VALUE"""),"JACK NATHAN ") -> JACK NATHAN | E43: =IFERROR(__xludf.DUMMYFUNCTION("""COMPUTED_VALUE"""),"JONATHAN RAFIÑAN") -> JONATHAN RAFIÑAN
A44: =IF(B44="","",ROW()-6) -> 38 | B44: =IFERROR(__xludf.DUMMYFUNCTION("""COMPUTED_VALUE"""),"RAFIÑAN") -> RAFIÑAN | C44: =IFERROR(__xludf.DUMMYFUNCTION("""COMPUTED_VALUE"""),"SHYLONA") -> SHYLONA | E44: =IFERROR(__xludf.DUMMYFUNCTION("""COMPUTED_VALUE"""),"JONATHAN RAFIÑAN") -> JONATHAN RAFIÑAN
A45: =IF(B45="","",ROW()-6) -> 39 | B45: =IFERROR(__xludf.DUMMYFUNCTION("""COMPUTED_VALUE"""),"TAJARAN") -> TAJARAN | C45: =IFERROR(__xludf.DUMMYFUNCTION("""COMPUTED_VALUE"""),"JOHN MICHAEL") -> JOHN MICHAEL | E45: =IFERROR(__xludf.DUMMYFUNCTION("""COMPUTED_VALUE"""),"JUANITO TAJARAN") -> JUANITO TAJARAN
A46: =IF(B46="","",ROW()-6) -> 40 | B46: =IFERROR(__xludf.DUMMYFUNCTION("""COMPUTED_VALUE"""),"PEREZ") -> PEREZ | C46: =IFERROR(__xludf.DUMMYFUNCTION("""COMPUTED_VALUE"""),"YVANNA LOUISE") -> YVANNA LOUISE | E46: =IFERROR(__xludf.DUMMYFUNCTION("""COMPUTED_VALUE"""),"JASMINE PERES") -> JASMINE PERES
A47: =IF(B47="","",ROW()-6) -> 41 | B47: =IFERROR(__xludf.DUMMYFUNCTION("""COMPUTED_VALUE"""),"PEREZ") -> PEREZ | C47: =IFERROR(__xludf.DUMMYFUNCTION("""COMPUTED_VALUE"""),"MARC BENEDICT") -> MARC BENEDICT | E47: =IFERROR(__xludf.DUMMYFUNCTION("""COMPUTED_VALUE"""),"JASMINE PERES") -> JASMINE PERES
A48: =IF(B48="","",ROW()-6) -> 42 | B48: =IFERROR(__xludf.DUMMYFUNCTION("""COMPUTED_VALUE"""),"PEREZ") -> PEREZ | C48: =IFERROR(__xludf.DUMMYFUNCTION("""COMPUTED_VALUE"""),"MARC BENNET") -> MARC BENNET | E48: =IFERROR(__xludf.DUMMYFUNCTION("""COMPUTED_VALUE"""),"JASMINE PERES") -> JASMINE PERES
A49: =IF(B49="","",ROW()-6) -> 43 | B49: =IFERROR(__xludf.DUMMYFUNCTION("""COMPUTED_VALUE"""),"DOMINGO") -> DOMINGO | C49: =IFERROR(__xludf.DUMMYFUNCTION("""COMPUTED_VALUE"""),"ALEXANDRA MEI") -> ALEXANDRA MEI | D49: =IFERROR(__xludf.DUMMYFUNCTION("""COMPUTED_VALUE"""),"P.") -> P. | E49: =IFERROR(__xludf.DUMMYFUNCTION("""COMPUTED_VALUE"""),"CHARLIE S. DOMINGO") -> CHARLIE S. DOMINGO
A50: =IF(B50="","",ROW()-6) -> 44 | B50: =IFERROR(__xludf.DUMMYFUNCTION("""COMPUTED_VALUE"""),"DOMINGO") -> DOMINGO | C50: =IFERROR(__xludf.DUMMYFUNCTION("""COMPUTED_VALUE"""),"MARC IVAN ") -> MARC IVAN | D50: =IFERROR(__xludf.DUMMYFUNCTION("""COMPUTED_VALUE"""),"P.") -> P. | E50: =IFERROR(__xludf.DUMMYFUNCTION("""COMPUTED_VALUE"""),"CHARLIE S. DOMINGO") -> CHARLIE S. DOMINGO
A51: =IF(B51="","",ROW()-6) -> 45 | B51: =IFERROR(__xludf.DUMMYFUNCTION("""COMPUTED_VALUE"""),"FLORES") -> FLORES | C51: =IFERROR(__xludf.DUMMYFUNCTION("""COMPUTED_VALUE"""),"JEROME") -> JEROME | D51: =IFERROR(__xludf.DUMMYFUNCTION("""COMPUTED_VALUE"""),"J.") -> J. | E51: =IFERROR(__xludf.DUMMYFUNCTION("""COMPUTED_VALUE"""),"SALVADOR M. FLORES") -> SALVADOR M. FLORES | F51: =IFERROR(__xludf.DUMMYFUNCTION("""COMPUTED_VALUE"""),"BRGY. OFFICIALS, THIRD GEN") -> BRGY. OFFICIALS, THIRD GEN
A52: =IF(B52="","",ROW()-6) -> 46 | B52: =IFERROR(__xludf.DUMMYFUNCTION("""COMPUTED_VALUE"""),"FLORES") -> FLORES | C52: =IFERROR(__xludf.DUMMYFUNCTION("""COMPUTED_VALUE"""),"JOMAR") -> JOMAR | D52: =IFERROR(__xludf.DUMMYFUNCTION("""COMPUTED_VALUE"""),"J.") -> J. | E52: =IFERROR(__xludf.DUMMYFUNCTION("""COMPUTED_VALUE"""),"SALVADOR M. FLORES") -> SALVADOR M. FLORES | F52: =IFERROR(__xludf.DUMMYFUNCTION("""COMPUTED_VALUE"""),"THIRD GEN") -> THIRD GEN
A53: =IF(B53="","",ROW()-6) -> 47 | B53: =IFERROR(__xludf.DUMMYFUNCTION("""COMPUTED_VALUE"""),"FLORES") -> FLORES | C53: =IFERROR(__xludf.DUMMYFUNCTION("""COMPUTED_VALUE"""),"JERMAINE") -> JERMAINE | D53: =IFERROR(__xludf.DUMMYFUNCTION("""COMPUTED_VALUE"""),"J.") -> J. | E53: =IFERROR(__xludf.DUMMYFUNCTION("""COMPUTED_VALUE"""),"SALVADOR M. FLORES") -> SALVADOR M. FLORES | F53: =IFERROR(__xludf.DUMMYFUNCTION("""COMPUTED_VALUE"""),"THIRD GEN") -> THIRD GEN
A54: =IF(B54="","",ROW()-6) -> 48 | B54: =IFERROR(__xludf.DUMMYFUNCTION("""COMPUTED_VALUE"""),"QUIMBAO") -> QUIMBAO | C54: =IFERROR(__xludf.DUMMYFUNCTION("""COMPUTED_VALUE"""),"LUCAS ELAIJA") -> LUCAS ELAIJA | D54: =IFERROR(__xludf.DUMMYFUNCTION("""COMPUTED_VALUE"""),"F.") -> F. | E54: =IFERROR(__xludf.DUMMYFUNCTION("""COMPUTED_VALUE"""),"SALVADOR M. FLORES") -> SALVADOR M. FLORES
A55: =IF(B55="","",ROW()-6) -> 49 | B55: =IFERROR(__xludf.DUMMYFUNCTION("""COMPUTED_VALUE"""),"RAFIÑAN") -> RAFIÑAN | C55: =IFERROR(__xludf.DUMMYFUNCTION("""COMPUTED_VALUE"""),"NATALIE JOYCE") -> NATALIE JOYCE | E55: =IFERROR(__xludf.DUMMYFUNCTION("""COMPUTED_VALUE"""),"ANATALIA J. RAFIÑAN") -> ANATALIA J. RAFIÑAN
A56: =IF(B56="","",ROW()-6) -> 50 | B56: =IFERROR(__xludf.DUMMYFUNCTION("""COMPUTED_VALUE"""),"LIMBARING") -> LIMBARING | C56: =IFERROR(__xludf.DUMMYFUNCTION("""COMPUTED_VALUE"""),"ARRITRA GAIA") -> ARRITRA GAIA | E56: =IFERROR(__xludf.DUMMYFUNCTION("""COMPUTED_VALUE"""),"ANATALIA J. RAFIÑAN") -> ANATALIA J. RAFIÑAN
A57: =IF(B57="","",ROW()-6) -> 51 | B57: =IFERROR(__xludf.DUMMYFUNCTION("""COMPUTED_VALUE"""),"GALEON") -> GALEON | C57: =IFERROR(__xludf.DUMMYFUNCTION("""COMPUTED_VALUE"""),"ANA MARIA") -> ANA MARIA | E57: =IFERROR(__xludf.DUMMYFUNCTION("""COMPUTED_VALUE"""),"MARIA DOLORES L. GALEON") -> MARIA DOLORES L. GALEON
A58: =IF(B58="","",ROW()-6) -> 52 | B58: =IFERROR(__xludf.DUMMYFUNCTION("""COMPUTED_VALUE"""),"GALEON") -> GALEON | C58: =IFERROR(__xludf.DUMMYFUNCTION("""COMPUTED_VALUE"""),"MARIANNA") -> MARIANNA | E58: =IFERROR(__xludf.DUMMYFUNCTION("""COMPUTED_VALUE"""),"MARIA DOLORES L. GALEON") -> MARIA DOLORES L. GALEON
A59: =IF(B59="","",ROW()-6) -> 53 | B59: =IFERROR(__xludf.DUMMYFUNCTION("""COMPUTED_VALUE"""),"VALERIO") -> VALERIO | C59: =IFERROR(__xludf.DUMMYFUNCTION("""COMPUTED_VALUE"""),"SOPHIA") -> SOPHIA | D59: =IFERROR(__xludf.DUMMYFUNCTION("""COMPUTED_VALUE"""),"L.") -> L. | E59: =IFERROR(__xludf.DUMMYFUNCTION("""COMPUTED_VALUE"""),"JOSEPH ANTHONY L. VALERIO") -> JOSEPH ANTHONY L. VALERIO
A60: =IF(B60="","",ROW()-6) -> 54 | B60: =IFERROR(__xludf.DUMMYFUNCTION("""COMPUTED_VALUE"""),"PAPA") -> PAPA | C60: =IFERROR(__xludf.DUMMYFUNCTION("""COMPUTED_VALUE"""),"LADY FHERCIA MHARIZ PAPA") -> LADY FHERCIA MHARIZ PAPA | E60: =IFERROR(__xludf.DUMMYFUNCTION("""COMPUTED_VALUE"""),"FERDINAND PAPA") -> FERDINAND PAPA
A61: =IF(B61="","",ROW()-6) -> 55 | B61: =IFERROR(__xludf.DUMMYFUNCTION("""COMPUTED_VALUE"""),"PAPA") -> PAPA | C61: =IFERROR(__xludf.DUMMYFUNCTION("""COMPUTED_VALUE"""),"THIRDIE") -> THIRDIE | E61: =IFERROR(__xludf.DUMMYFUNCTION("""COMPUTED_VALUE"""),"FERDINAND PAPA") -> FERDINAND PAPA
A62: =IF(B62="","",ROW()-6) -> 56 | B62: =IFERROR(__xludf.DUMMYFUNCTION("""COMPUTED_VALUE"""),"PAPA") -> PAPA | C62: =IFERROR(__xludf.DUMMYFUNCTION("""COMPUTED_VALUE"""),"ANTHONY") -> ANTHONY | E62: =IFERROR(__xludf.DUMMYFUNCTION("""COMPUTED_VALUE"""),"CARLOS PAPA") -> CARLOS PAPA
A63: =IF(B63="","",ROW()-6) -> 57 | B63: =IFERROR(__xludf.DUMMYFUNCTION("""COMPUTED_VALUE"""),"PAPA") -> PAPA | C63: =IFERROR(__xludf.DUMMYFUNCTION("""COMPUTED_VALUE"""),"ALYSSA CARLA") -> ALYSSA CARLA | E63: =IFERROR(__xludf.DUMMYFUNCTION("""COMPUTED_VALUE"""),"CARLOS PAPA") -> CARLOS PAPA
A64: =IF(B64="","",ROW()-6) -> 58 | B64: =IFERROR(__xludf.DUMMYFUNCTION("""COMPUTED_VALUE"""),"PAPA") -> PAPA | C64: =IFERROR(__xludf.DUMMYFUNCTION("""COMPUTED_VALUE"""),"ZAKIA") -> ZAKIA | E64: =IFERROR(__xludf.DUMMYFUNCTION("""COMPUTED_VALUE"""),"FREDDIE PAPA") -> FREDDIE PAPA
A65: =IF(B65="","",ROW()-6) -> 59 | B65: =IFERROR(__xludf.DUMMYFUNCTION("""COMPUTED_VALUE"""),"CIPRIANO") -> CIPRIANO | C65: =IFERROR(__xludf.DUMMYFUNCTION("""COMPUTED_VALUE"""),"CHLOE") -> CHLOE | E65: =IFERROR(__xludf.DUMMYFUNCTION("""COMPUTED_VALUE"""),"CLIFFORD CIPRIAMNO") -> CLIFFORD CIPRIAMNO
A66: =IF(B66="","",ROW()-6) -> 60 | B66: =IFERROR(__xludf.DUMMYFUNCTION("""COMPUTED_VALUE"""),"NAVARRO") -> NAVARRO | C66: =IFERROR(__xludf.DUMMYFUNCTION("""COMPUTED_VALUE"""),"JHON NAVARRO") -> JHON NAVARRO | E66: =IFERROR(__xludf.DUMMYFUNCTION("""COMPUTED_VALUE"""),"EMILY G. NAVARRO") -> EMILY G. NAVARRO
A67: =IF(B67="","",ROW()-6) -> 61 | B67: =IFERROR(__xludf.DUMMYFUNCTION("""COMPUTED_VALUE"""),"NAVARRO") -> NAVARRO | C67: =IFERROR(__xludf.DUMMYFUNCTION("""COMPUTED_VALUE"""),"THERES") -> THERES | E67: =IFERROR(__xludf.DUMMYFUNCTION("""COMPUTED_VALUE"""),"EMILY G. NAVARRO") -> EMILY G. NAVARRO
A68: =IF(B68="","",ROW()-6) -> 62 | B68: =IFERROR(__xludf.DUMMYFUNCTION("""COMPUTED_VALUE"""),"NAVARRO") -> NAVARRO | C68: =IFERROR(__xludf.DUMMYFUNCTION("""COMPUTED_VALUE"""),"CATY") -> CATY | E68: =IFERROR(__xludf.DUMMYFUNCTION("""COMPUTED_VALUE"""),"EMILY G. NAVARRO") -> EMILY G. NAVARRO
A69: =IF(B69="","",ROW()-6) -> 63 | B69: =IFERROR(__xludf.DUMMYFUNCTION("""COMPUTED_VALUE"""),"NAVARRO") -> NAVARRO | C69: =IFERROR(__xludf.DUMMYFUNCTION("""COMPUTED_VALUE"""),"SUNNY") -> SUNNY | E69: =IFERROR(__xludf.DUMMYFUNCTION("""COMPUTED_VALUE"""),"EMILY G. NAVARRO") -> EMILY G. NAVARRO
A70: =IF(B70="","",ROW()-6) -> 64 | B70: =IFERROR(__xludf.DUMMYFUNCTION("""COMPUTED_VALUE"""),"NAVARRO") -> NAVARRO | C70: =IFERROR(__xludf.DUMMYFUNCTION("""COMPUTED_VALUE"""),"GRACE") -> GRACE | E70: =IFERROR(__xludf.DUMMYFUNCTION("""COMPUTED_VALUE"""),"EMILY G. NAVARRO") -> EMILY G. NAVARRO
A71: =IF(B71="","",ROW()-6) -> 65 | B71: =IFERROR(__xludf.DUMMYFUNCTION("""COMPUTED_VALUE"""),"NAVARRO") -> NAVARRO | C71: =IFERROR(__xludf.DUMMYFUNCTION("""COMPUTED_VALUE"""),"MYKEL") -> MYKEL | E71: =IFERROR(__xludf.DUMMYFUNCTION("""COMPUTED_VALUE"""),"EMILY G. NAVARRO") -> EMILY G. NAVARRO
A72: =IF(B72="","",ROW()-6) -> 66 | B72: =IFERROR(__xludf.DUMMYFUNCTION("""COMPUTED_VALUE"""),"RESURRECCION") -> RESURRECCION | C72: =IFERROR(__xludf.DUMMYFUNCTION("""COMPUTED_VALUE"""),"JOHN REY") -> JOHN REY | E72: =IFERROR(__xludf.DUMMYFUNCTION("""COMPUTED_VALUE"""),"ANNA LIZA HAYAG") -> ANNA LIZA HAYAG
A73: =IF(B73="","",ROW()-6) -> 67 | B73: =IFERROR(__xludf.DUMMYFUNCTION("""COMPUTED_VALUE"""),"RESURRECCION") -> RESURRECCION | C73: =IFERROR(__xludf.DUMMYFUNCTION("""COMPUTED_VALUE"""),"JOHN RED") -> JOHN RED | E73: =IFERROR(__xludf.DUMMYFUNCTION("""COMPUTED_VALUE"""),"ANNA LIZA HAYAG") -> ANNA LIZA HAYAG
A74: =IF(B74="","",ROW()-6) -> 68 | B74: =IFERROR(__xludf.DUMMYFUNCTION("""COMPUTED_VALUE"""),"HAYAG") -> HAYAG | C74: =IFERROR(__xludf.DUMMYFUNCTION("""COMPUTED_VALUE"""),"TRIXIE") -> TRIXIE | E74: =IFERROR(__xludf.DUMMYFUNCTION("""COMPUTED_VALUE"""),"RESHTIAN HAYAG") -> RESHTIAN HAYAG
A75: =IF(B75="","",ROW()-6) -> 69 | B75: =IFERROR(__xludf.DUMMYFUNCTION("""COMPUTED_VALUE"""),"MIRASOL") -> MIRASOL | C75: =IFERROR(__xludf.DUMMYFUNCTION("""COMPUTED_VALUE"""),"RESH JOHN ") -> RESH JOHN | E75: =IFERROR(__xludf.DUMMYFUNCTION("""COMPUTED_VALUE"""),"RESHTIAN HAYAG") -> RESHTIAN HAYAG
A76: =IF(B76="","",ROW()-6) -> 70 | B76: =IFERROR(__xludf.DUMMYFUNCTION("""COMPUTED_VALUE"""),"PAJE") -> PAJE | C76: =IFERROR(__xludf.DUMMYFUNCTION("""COMPUTED_VALUE"""),"PRINCE HENRY") -> PRINCE HENRY | E76: =IFERROR(__xludf.DUMMYFUNCTION("""COMPUTED_VALUE"""),"ELISABETH H. PAJE ") -> ELISABETH H. PAJE
A77: =IF(B77="","",ROW()-6) -> 71 | B77: =IFERROR(__xludf.DUMMYFUNCTION("""COMPUTED_VALUE"""),"SISON") -> SISON | C77: =IFERROR(__xludf.DUMMYFUNCTION("""COMPUTED_VALUE"""),"ELLIE CATHLYN") -> ELLIE CATHLYN | E77: =IFERROR(__xludf.DUMMYFUNCTION("""COMPUTED_VALUE"""),"TRISHA SISON") -> TRISHA SISON
A78: =IF(B78="","",ROW()-6) -> 72 | B78: =IFERROR(__xludf.DUMMYFUNCTION("""COMPUTED_VALUE"""),"HAYAG") -> HAYAG | C78: =IFERROR(__xludf.DUMMYFUNCTION("""COMPUTED_VALUE"""),"RESTY") -> RESTY | E78: =IFERROR(__xludf.DUMMYFUNCTION("""COMPUTED_VALUE"""),"TERESITA HAYAG") -> TERESITA HAYAG
A79: =IF(B79="","",ROW()-6) -> 73 | B79: =IFERROR(__xludf.DUMMYFUNCTION("""COMPUTED_VALUE"""),"MORANTE") -> MORANTE | C79: =IFERROR(__xludf.DUMMYFUNCTION("""COMPUTED_VALUE"""),"CHRISTIAN JEFF") -> CHRISTIAN JEFF | E79: =IFERROR(__xludf.DUMMYFUNCTION("""COMPUTED_VALUE"""),"DOMINADOR MORANTE JR.") -> DOMINADOR MORANTE JR.
A80: =IF(B80="","",ROW()-6) -> 74 | B80: =IFERROR(__xludf.DUMMYFUNCTION("""COMPUTED_VALUE"""),"MORANTE") -> MORANTE | C80: =IFERROR(__xludf.DUMMYFUNCTION("""COMPUTED_VALUE"""),"JERRICK") -> JERRICK | E80: =IFERROR(__xludf.DUMMYFUNCTION("""COMPUTED_VALUE"""),"DOMINADOR MORANTE JR.") -> DOMINADOR MORANTE JR.
A81: =IF(B81="","",ROW()-6) -> 75 | B81: =IFERROR(__xludf.DUMMYFUNCTION("""COMPUTED_VALUE"""),"MORANTE ") -> MORANTE | C81: =IFERROR(__xludf.DUMMYFUNCTION("""COMPUTED_VALUE"""),"MARIA ARUELICA") -> MARIA ARUELICA | E81: =IFERROR(__xludf.DUMMYFUNCTION("""COMPUTED_VALUE"""),"DOMINADOR MORANTE JR.") -> DOMINADOR MORANTE JR.
A82: =IF(B82="","",ROW()-6) -> 76 | B82: =IFERROR(__xludf.DUMMYFUNCTION("""COMPUTED_VALUE"""),"SALAMAT") -> SALAMAT | C82: =IFERROR(__xludf.DUMMYFUNCTION("""COMPUTED_VALUE"""),"MADELINE") -> MADELINE | E82: =IFERROR(__xludf.DUMMYFUNCTION("""COMPUTED_VALUE"""),"BIMBO ACUZAR") -> BIMBO ACUZAR
A83: =IF(B83="","",ROW()-6) -> 77 | B83: =IFERROR(__xludf.DUMMYFUNCTION("""COMPUTED_VALUE"""),"MORANTE") -> MORANTE | C83: =IFERROR(__xludf.DUMMYFUNCTION("""COMPUTED_VALUE"""),"CEDRICK") -> CEDRICK | E83: =IFERROR(__xludf.DUMMYFUNCTION("""COMPUTED_VALUE"""),"JOSELITO MORANTE") -> JOSELITO MORANTE
A84: =IF(B84="","",ROW()-6) -> 78 | B84: =IFERROR(__xludf.DUMMYFUNCTION("""COMPUTED_VALUE"""),"MORANTE") -> MORANTE | C84: =IFERROR(__xludf.DUMMYFUNCTION("""COMPUTED_VALUE"""),"MARVIN") -> MARVIN | E84: =IFERROR(__xludf.DUMMYFUNCTION("""COMPUTED_VALUE"""),"JOSELITO MORANTE") -> JOSELITO MORANTE
A85: =IF(B85="","",ROW()-6) -> 79 | B85: =IFERROR(__xludf.DUMMYFUNCTION("""COMPUTED_VALUE"""),"PASCO") -> PASCO | C85: =IFERROR(__xludf.DUMMYFUNCTION("""COMPUTED_VALUE"""),"RICK JAY") -> RICK JAY | E85: =IFERROR(__xludf.DUMMYFUNCTION("""COMPUTED_VALUE"""),"JERICK PASCO") -> JERICK PASCO
A86: =IF(B86="","",ROW()-6) -> 80 | B86: =IFERROR(__xludf.DUMMYFUNCTION("""COMPUTED_VALUE"""),"PASCO") -> PASCO | C86: =IFERROR(__xludf.DUMMYFUNCTION("""COMPUTED_VALUE"""),"RICK JOHN") -> RICK JOHN | E86: =IFERROR(__xludf.DUMMYFUNCTION("""COMPUTED_VALUE"""),"JERICK PASCO") -> JERICK PASCO
A87: =IF(B87="","",ROW()-6) -> 81 | B87: =IFERROR(__xludf.DUMMYFUNCTION("""COMPUTED_VALUE"""),"PASCO") -> PASCO | C87: =IFERROR(__xludf.DUMMYFUNCTION("""COMPUTED_VALUE"""),"ROSE ANN JOY") -> ROSE ANN JOY | E87: =IFERROR(__xludf.DUMMYFUNCTION("""COMPUTED_VALUE"""),"JERICK PASCO") -> JERICK PASCO
A88: =IF(B88="","",ROW()-6) -> 82 | B88: =IFERROR(__xludf.DUMMYFUNCTION("""COMPUTED_VALUE"""),"PASCO") -> PASCO | C88: =IFERROR(__xludf.DUMMYFUNCTION("""COMPUTED_VALUE"""),"RICK JOSHUA") -> RICK JOSHUA | E88: =IFERROR(__xludf.DUMMYFUNCTION("""COMPUTED_VALUE"""),"JERICK PASCO") -> JERICK PASCO
A89: =IF(B89="","",ROW()-6) -> 83 | B89: =IFERROR(__xludf.DUMMYFUNCTION("""COMPUTED_VALUE"""),"PASCO") -> PASCO | C89: =IFERROR(__xludf.DUMMYFUNCTION("""COMPUTED_VALUE"""),"RICK JAZTINE") -> RICK JAZTINE | E89: =IFERROR(__xludf.DUMMYFUNCTION("""COMPUTED_VALUE"""),"JERICK PASCO") -> JERICK PASCO
A90: =IF(B90="","",ROW()-6) -> 84 | B90: =IFERROR(__xludf.DUMMYFUNCTION("""COMPUTED_VALUE"""),"PASCO") -> PASCO | C90: =IFERROR(__xludf.DUMMYFUNCTION("""COMPUTED_VALUE"""),"RAZIE JANE ") -> RAZIE JANE | E90: =IFERROR(__xludf.DUMMYFUNCTION("""COMPUTED_VALUE"""),"JERICK PASCO") -> JERICK PASCO
A91: =IF(B91="","",ROW()-6) -> 85 | B91: =IFERROR(__xludf.DUMMYFUNCTION("""COMPUTED_VALUE"""),"VICTORIANO") -> VICTORIANO | C91: =IFERROR(__xludf.DUMMYFUNCTION("""COMPUTED_VALUE"""),"ARJHEN NICOLE") -> ARJHEN NICOLE | E91: =IFERROR(__xludf.DUMMYFUNCTION("""COMPUTED_VALUE"""),"ARIEL C. VICTORIANO") -> ARIEL C. VICTORIANO
A92: =IF(B92="","",ROW()-6) -> 86 | B92: =IFERROR(__xludf.DUMMYFUNCTION("""COMPUTED_VALUE"""),"MAGHANOY") -> MAGHANOY | C92: =IFERROR(__xludf.DUMMYFUNCTION("""COMPUTED_VALUE"""),"GIAN ARRIANE ") -> GIAN ARRIANE | D92: =IFERROR(__xludf.DUMMYFUNCTION("""COMPUTED_VALUE"""),"M.") -> M. | E92: =IFERROR(__xludf.DUMMYFUNCTION("""COMPUTED_VALUE"""),"ROBERT B. MALAZARTE") -> ROBERT B. MALAZARTE
A93: =IF(B93="","",ROW()-6) -> 87 | B93: =IFERROR(__xludf.DUMMYFUNCTION("""COMPUTED_VALUE"""),"SAMONTE") -> SAMONTE | C93: =IFERROR(__xludf.DUMMYFUNCTION("""COMPUTED_VALUE"""),"FRANCIS DION") -> FRANCIS DION | D93: =IFERROR(__xludf.DUMMYFUNCTION("""COMPUTED_VALUE"""),"M.") -> M. | E93: =IFERROR(__xludf.DUMMYFUNCTION("""COMPUTED_VALUE"""),"PRETTY PET M. SAMONTE") -> PRETTY PET M. SAMONTE
A94: =IF(B94="","",ROW()-6) -> 88 | B94: =IFERROR(__xludf.DUMMYFUNCTION("""COMPUTED_VALUE"""),"RANCIO") -> RANCIO | C94: =IFERROR(__xludf.DUMMYFUNCTION("""COMPUTED_VALUE"""),"ALYNNA CIELA") -> ALYNNA CIELA | E94: =IFERROR(__xludf.DUMMYFUNCTION("""COMPUTED_VALUE"""),"KAREN L. CRUZ") -> KAREN L. CRUZ
A95: =IF(B95="","",ROW()-6) -> 89 | B95: =IFERROR(__xludf.DUMMYFUNCTION("""COMPUTED_VALUE"""),"PATALINGHUG") -> PATALINGHUG | C95: =IFERROR(__xludf.DUMMYFUNCTION("""COMPUTED_VALUE"""),"ELISHA ") -> ELISHA | D95: =IFERROR(__xludf.DUMMYFUNCTION("""COMPUTED_VALUE"""),"R.") -> R. | E95: =IFERROR(__xludf.DUMMYFUNCTION("""COMPUTED_VALUE"""),"KAREN L. CRUZ") -> KAREN L. CRUZ
A96: =IF(B96="","",ROW()-6) -> 90 | B96: =IFERROR(__xludf.DUMMYFUNCTION("""COMPUTED_VALUE"""),"BELTRAN") -> BELTRAN | C96: =IFERROR(__xludf.DUMMYFUNCTION("""COMPUTED_VALUE"""),"YUEN AYESHA") -> YUEN AYESHA | E96: =IFERROR(__xludf.DUMMYFUNCTION("""COMPUTED_VALUE""")," NEILSON M. BELTRAN") -> NEILSON M. BELTRAN
A97: =IF(B97="","",ROW()-6) -> 91 | B97: =IFERROR(__xludf.DUMMYFUNCTION("""COMPUTED_VALUE"""),"BELTRAN") -> BELTRAN | C97: =IFERROR(__xludf.DUMMYFUNCTION("""COMPUTED_VALUE"""),"YOHANN ZYRUS") -> YOHANN ZYRUS | E97: =IFERROR(__xludf.DUMMYFUNCTION("""COMPUTED_VALUE""")," NEILSON M. BELTRAN") -> NEILSON M. BELTRAN
A98: =IF(B98="","",ROW()-6) -> 92 | B98: =IFERROR(__xludf.DUMMYFUNCTION("""COMPUTED_VALUE"""),"BELTRAN") -> BELTRAN | C98: =IFERROR(__xludf.DUMMYFUNCTION("""COMPUTED_VALUE"""),"YSON ZEN") -> YSON ZEN | E98: =IFERROR(__xludf.DUMMYFUNCTION("""COMPUTED_VALUE""")," NEILSON M. BELTRAN") -> NEILSON M. BELTRAN
A99: =IF(B99="","",ROW()-6) -> 93 | B99: =IFERROR(__xludf.DUMMYFUNCTION("""COMPUTED_VALUE"""),"CAMPAÑA") -> CAMPAÑA | C99: =IFERROR(__xludf.DUMMYFUNCTION("""COMPUTED_VALUE"""),"ALMA") -> ALMA | E99: =IFERROR(__xludf.DUMMYFUNCTION("""COMPUTED_VALUE"""),"ALEXANDER CAMPAÑA") -> ALEXANDER CAMPAÑA
A100: =IF(B100="","",ROW()-6) -> 94 | B100: =IFERROR(__xludf.DUMMYFUNCTION("""COMPUTED_VALUE"""),"CAMPAÑA") -> CAMPAÑA | C100: =IFERROR(__xludf.DUMMYFUNCTION("""COMPUTED_VALUE"""),"ALEXIS MIGUEL") -> ALEXIS MIGUEL | E100: =IFERROR(__xludf.DUMMYFUNCTION("""COMPUTED_VALUE"""),"ALEXANDER CAMPAÑA") -> ALEXANDER CAMPAÑA
A101: =IF(B101="","",ROW()-6) -> 95 | B101: =IFERROR(__xludf.DUMMYFUNCTION("""COMPUTED_VALUE"""),"BELTRAN") -> BELTRAN | C101: =IFERROR(__xludf.DUMMYFUNCTION("""COMPUTED_VALUE"""),"PAMFS BRYLE ANDREI") -> PAMFS BRYLE ANDREI | E101: =IFERROR(__xludf.DUMMYFUNCTION("""COMPUTED_VALUE"""),"LORENA BELTRAN") -> LORENA BELTRAN
A102: =IF(B102="","",ROW()-6) -> 96 | B102: =IFERROR(__xludf.DUMMYFUNCTION("""COMPUTED_VALUE"""),"CABIS") -> CABIS | C102: =IFERROR(__xludf.DUMMYFUNCTION("""COMPUTED_VALUE"""),"PHEONA ANDREA MAE") -> PHEONA ANDREA MAE | E102: =IFERROR(__xludf.DUMMYFUNCTION("""COMPUTED_VALUE"""),"LORENA BELTRAN") -> LORENA BELTRAN
A103: =IF(B103="","",ROW()-6) -> 97 | B103: =IFERROR(__xludf.DUMMYFUNCTION("""COMPUTED_VALUE"""),"CABIS") -> CABIS | C103: =IFERROR(__xludf.DUMMYFUNCTION("""COMPUTED_VALUE"""),"PRINCESS ALHANE") -> PRINCESS ALHANE | E103: =IFERROR(__xludf.DUMMYFUNCTION("""COMPUTED_VALUE"""),"LORENA BELTRAN") -> LORENA BELTRAN
...

Sheet PH OR R
B3: PH = PAMASKONG HANDOG | J3: PH = PAMASKONG HANDOG
B4: R = RICE | J4: R = RICE
B5: SEARCH: | C5: N/A | J5: SEARCH: | K5: R
C6: =COUNT(A10:A1942) -> 61
A8: COUNT | B8: HEAD OF THE FAMILY | D8: ADDRESS | F8: VOTER REGISTRATION | I8: COUNT | J8: PARTNER | L8: ADDRESS | N8: VOTER REGISTRATION
A9: NO. | B9: =IFERROR(__xludf.DUMMYFUNCTION("QUERY(HEADOFTHEFAM,""SELECT B,C,J,K,F where G='""&C5&""'"",1)"),"FIRST NAME / MI. / LAST NAME") -> FIRST NAME / MI. / LAST NAME | C9: =IFERROR(__xludf.DUMMYFUNCTION("""COMPUTED_VALUE"""),"CATEGORY") -> CATEGORY | D9: =IFERROR(__xludf.DUMMYFUNCTION("""COMPUTED_VALUE"""),"BLK") -> BLK | E9: =IFERROR(__xludf.DUMMYFUNCTION("""COMPUTED_VALUE"""),"LOT") -> LOT | F9: =IFERROR(__xludf.DUMMYFUNCTION("""COMPUTED_VALUE"""),"STATUS") -> STATUS | I9: NO. | J9: =IFERROR(__xludf.DUMMYFUNCTION("QUERY(HEADOFTHEFAM,""SELECT H,I,J,K,F where O='""&K5&""'"",1)"),"FIRST NAME / MI. / LAST NAME") -> FIRST NAME / MI. / LAST NAME | K9: =IFERROR(__xludf.DUMMYFUNCTION("""COMPUTED_VALUE"""),"CATEGORY") -> CATEGORY | L9: =IFERROR(__xludf.DUMMYFUNCTION("""COMPUTED_VALUE"""),"BLK") -> BLK | M9: =IFERROR(__xludf.DUMMYFUNCTION("""COMPUTED_VALUE"""),"LOT") -> LOT | N9: =IFERROR(__xludf.DUMMYFUNCTION("""COMPUTED_VALUE"""),"STATUS") -> STATUS
A10: =IF(B10="","",ROW()-9) -> 1 | B10: =IFERROR(__xludf.DUMMYFUNCTION("""COMPUTED_VALUE"""),"ALEX CHENG") -> ALEX CHENG | C10: =IFERROR(__xludf.DUMMYFUNCTION("""COMPUTED_VALUE"""),"THIRD GEN") -> THIRD GEN | D10: =IFERROR(__xludf.DUMMYFUNCTION("""COMPUTED_VALUE"""),"BLOCK 4") -> BLOCK 4 | E10: =IFERROR(__xludf.DUMMYFUNCTION("""COMPUTED_VALUE"""),37.0) -> 37 | F10: =IFERROR(__xludf.DUMMYFUNCTION("""COMPUTED_VALUE"""),"INACTIVE") -> INACTIVE | I10: =IF(J10="","",ROW()-9)
A11: =IF(B11="","",ROW()-9) -> 2 | B11: =IFERROR(__xludf.DUMMYFUNCTION("""COMPUTED_VALUE"""),"ALICIA R. MAGBANUA") -> ALICIA R. MAGBANUA | C11: =IFERROR(__xludf.DUMMYFUNCTION("""COMPUTED_VALUE"""),"SENIOR") -> SENIOR | D11: =IFERROR(__xludf.DUMMYFUNCTION("""COMPUTED_VALUE"""),"BLK 45") -> BLK 45 | E11: =IFERROR(__xludf.DUMMYFUNCTION("""COMPUTED_VALUE"""),26.0) -> 26 | F11: =IFERROR(__xludf.DUMMYFUNCTION("""COMPUTED_VALUE"""),"INACTIVE") -> INACTIVE | I11: =IF(J11="","",ROW()-9)
A12: =IF(B12="","",ROW()-9) -> 3 | B12: =IFERROR(__xludf.DUMMYFUNCTION("""COMPUTED_VALUE"""),"ANJO A CRISTOBAL") -> ANJO A CRISTOBAL | C12: =IFERROR(__xludf.DUMMYFUNCTION("""COMPUTED_VALUE"""),"N/A") -> N/A | D12: =IFERROR(__xludf.DUMMYFUNCTION("""COMPUTED_VALUE"""),"BLK 46") -> BLK 46 | E12: =IFERROR(__xludf.DUMMYFUNCTION("""COMPUTED_VALUE"""),15.0) -> 15 | F12: =IFERROR(__xludf.DUMMYFUNCTION("""COMPUTED_VALUE"""),"UNREGISTERED") -> UNREGISTERED | I12: =IF(J12="","",ROW()-9)
A13: =IF(B13="","",ROW()-9) -> 4 | B13: =IFERROR(__xludf.DUMMYFUNCTION("""COMPUTED_VALUE"""),"ANNA LIZA DE GUZMAN") -> ANNA LIZA DE GUZMAN | C13: =IFERROR(__xludf.DUMMYFUNCTION("""COMPUTED_VALUE"""),"N/A") -> N/A | D13: =IFERROR(__xludf.DUMMYFUNCTION("""COMPUTED_VALUE"""),"BLK 3") -> BLK 3 | E13: =IFERROR(__xludf.DUMMYFUNCTION("""COMPUTED_VALUE"""),13.0) -> 13 | F13: =IFERROR(__xludf.DUMMYFUNCTION("""COMPUTED_VALUE"""),"UNREGISTERED") -> UNREGISTERED | I13: =IF(J13="","",ROW()-9)
A14: =IF(B14="","",ROW()-9) -> 5 | B14: =IFERROR(__xludf.DUMMYFUNCTION("""COMPUTED_VALUE"""),"ANTHONY EUGENIO") -> ANTHONY EUGENIO | C14: =IFERROR(__xludf.DUMMYFUNCTION("""COMPUTED_VALUE"""),"N/A") -> N/A | D14: =IFERROR(__xludf.DUMMYFUNCTION("""COMPUTED_VALUE"""),"BLK 46") -> BLK 46 | E14: =IFERROR(__xludf.DUMMYFUNCTION("""COMPUTED_VALUE"""),36.0) -> 36 | F14: =IFERROR(__xludf.DUMMYFUNCTION("""COMPUTED_VALUE"""),"UNREGISTERED") -> UNREGISTERED | I14: =IF(J14="","",ROW()-9)
A15: =IF(B15="","",ROW()-9) -> 6 | B15: =IFERROR(__xludf.DUMMYFUNCTION("""COMPUTED_VALUE"""),"ARNULFO DAVID") -> ARNULFO DAVID | C15: =IFERROR(__xludf.DUMMYFUNCTION("""COMPUTED_VALUE"""),"N/A") -> N/A | D15: =IFERROR(__xludf.DUMMYFUNCTION("""COMPUTED_VALUE"""),"BLK 3") -> BLK 3 | E15: =IFERROR(__xludf.DUMMYFUNCTION("""COMPUTED_VALUE"""),26.0) -> 26 | F15: =IFERROR(__xludf.DUMMYFUNCTION("""COMPUTED_VALUE"""),"UNREGISTERED") -> UNREGISTERED | I15: =IF(J15="","",ROW()-9)
A16: =IF(B16="","",ROW()-9) -> 7 | B16: =IFERROR(__xludf.DUMMYFUNCTION("""COMPUTED_VALUE"""),"AROB CHRISTOPHER S. AVILES") -> AROB CHRISTOPHER S. AVILES | C16: =IFERROR(__xludf.DUMMYFUNCTION("""COMPUTED_VALUE"""),"N/A") -> N/A | D16: =IFERROR(__xludf.DUMMYFUNCTION("""COMPUTED_VALUE"""),"BLK 3") -> BLK 3 | E16: =IFERROR(__xludf.DUMMYFUNCTION("""COMPUTED_VALUE"""),10.0) -> 10 | F16: =IFERROR(__xludf.DUMMYFUNCTION("""COMPUTED_VALUE"""),"INACTIVE") -> INACTIVE | I16: =IF(J16="","",ROW()-9)
A17: =IF(B17="","",ROW()-9) -> 8 | B17: =IFERROR(__xludf.DUMMYFUNCTION("""COMPUTED_VALUE"""),"ARWILL FULONG") -> ARWILL FULONG | C17: =IFERROR(__xludf.DUMMYFUNCTION("""COMPUTED_VALUE"""),"N/A") -> N/A | D17: =IFERROR(__xludf.DUMMYFUNCTION("""COMPUTED_VALUE"""),"BLK 46") -> BLK 46 | E17: =IFERROR(__xludf.DUMMYFUNCTION("""COMPUTED_VALUE"""),8.0) -> 8 | F17: =IFERROR(__xludf.DUMMYFUNCTION("""COMPUTED_VALUE"""),"UNREGISTERED") -> UNREGISTERED | I17: =IF(J17="","",ROW()-9)
A18: =IF(B18="","",ROW()-9) -> 9 | B18: =IFERROR(__xludf.DUMMYFUNCTION("""COMPUTED_VALUE"""),"BERNARDO N. LONTOC") -> BERNARDO N. LONTOC | C18: =IFERROR(__xludf.DUMMYFUNCTION("""COMPUTED_VALUE"""),"N/A") -> N/A | D18: =IFERROR(__xludf.DUMMYFUNCTION("""COMPUTED_VALUE"""),"BLK 5") -> BLK 5 | E18: =IFERROR(__xludf.DUMMYFUNCTION("""COMPUTED_VALUE"""),22.0) -> 22 | F18: =IFERROR(__xludf.DUMMYFUNCTION("""COMPUTED_VALUE"""),"UNREGISTERED") -> UNREGISTERED | H18: N/A | I18: 77 | J18: 77
A19: =IF(B19="","",ROW()-9) -> 10 | B19: =IFERROR(__xludf.DUMMYFUNCTION("""COMPUTED_VALUE"""),"CAROL D. REYES") -> CAROL D. REYES | C19: =IFERROR(__xludf.DUMMYFUNCTION("""COMPUTED_VALUE"""),"N/A") -> N/A | D19: =IFERROR(__xludf.DUMMYFUNCTION("""COMPUTED_VALUE"""),"BLOCK 4") -> BLOCK 4 | E19: =IFERROR(__xludf.DUMMYFUNCTION("""COMPUTED_VALUE"""),8.0) -> 8 | F19: =IFERROR(__xludf.DUMMYFUNCTION("""COMPUTED_VALUE"""),"UNREGISTERED") -> UNREGISTERED | H19: R | I19: 377 | J19: 370
A20: =IF(B20="","",ROW()-9) -> 11 | B20: =IFERROR(__xludf.DUMMYFUNCTION("""COMPUTED_VALUE"""),"CHERRYLYN GALLARDO") -> CHERRYLYN GALLARDO | C20: =IFERROR(__xludf.DUMMYFUNCTION("""COMPUTED_VALUE"""),"N/A") -> N/A | D20: =IFERROR(__xludf.DUMMYFUNCTION("""COMPUTED_VALUE"""),"BLK 46") -> BLK 46 | F20: =IFERROR(__xludf.DUMMYFUNCTION("""COMPUTED_VALUE"""),"UNREGISTERED") -> UNREGISTERED | H20: PH | I20: 258 | J20: 272
A21: =IF(B21="","",ROW()-9) -> 12 | B21: =IFERROR(__xludf.DUMMYFUNCTION("""COMPUTED_VALUE"""),"DAISY GUTIERREZ") -> DAISY GUTIERREZ | C21: =IFERROR(__xludf.DUMMYFUNCTION("""COMPUTED_VALUE"""),"N/A") -> N/A | D21: =IFERROR(__xludf.DUMMYFUNCTION("""COMPUTED_VALUE"""),"BLK 45") -> BLK 45 | E21: =IFERROR(__xludf.DUMMYFUNCTION("""COMPUTED_VALUE"""),14.0) -> 14 | F21: =IFERROR(__xludf.DUMMYFUNCTION("""COMPUTED_VALUE"""),"INACTIVE") -> INACTIVE | I21: =SUM(I19:I20) -> 635 | J21: =SUM(J18:J20) -> 719
A22: =IF(B22="","",ROW()-9) -> 13 | B22: =IFERROR(__xludf.DUMMYFUNCTION("""COMPUTED_VALUE"""),"DOMINGO DESDIR") -> DOMINGO DESDIR | C22: =IFERROR(__xludf.DUMMYFUNCTION("""COMPUTED_VALUE"""),"N/A") -> N/A | D22: =IFERROR(__xludf.DUMMYFUNCTION("""COMPUTED_VALUE"""),"BLK 45") -> BLK 45 | E22: =IFERROR(__xludf.DUMMYFUNCTION("""COMPUTED_VALUE"""),2.0) -> 2 | F22: =IFERROR(__xludf.DUMMYFUNCTION("""COMPUTED_VALUE"""),"INACTIVE") -> INACTIVE | I22: =IF(J22="","",ROW()-9)
A23: =IF(B23="","",ROW()-9) -> 14 | B23: =IFERROR(__xludf.DUMMYFUNCTION("""COMPUTED_VALUE"""),"DOMINGO LOBRIO") -> DOMINGO LOBRIO | C23: =IFERROR(__xludf.DUMMYFUNCTION("""COMPUTED_VALUE"""),"N/A") -> N/A | D23: =IFERROR(__xludf.DUMMYFUNCTION("""COMPUTED_VALUE"""),"BLK 49") -> BLK 49 | E23: =IFERROR(__xludf.DUMMYFUNCTION("""COMPUTED_VALUE"""),27.0) -> 27 | F23: =IFERROR(__xludf.DUMMYFUNCTION("""COMPUTED_VALUE"""),"UNREGISTERED") -> UNREGISTERED | I23: =IF(J23="","",ROW()-9)
A24: =IF(B24="","",ROW()-9) -> 15 | B24: =IFERROR(__xludf.DUMMYFUNCTION("""COMPUTED_VALUE"""),"DOMINIC SORILLA") -> DOMINIC SORILLA | C24: =IFERROR(__xludf.DUMMYFUNCTION("""COMPUTED_VALUE"""),"N/A") -> N/A | D24: =IFERROR(__xludf.DUMMYFUNCTION("""COMPUTED_VALUE"""),"BLK 5") -> BLK 5 | E24: =IFERROR(__xludf.DUMMYFUNCTION("""COMPUTED_VALUE"""),9.0) -> 9 | F24: =IFERROR(__xludf.DUMMYFUNCTION("""COMPUTED_VALUE"""),"UNREGISTERED") -> UNREGISTERED | I24: =IF(J24="","",ROW()-9)
A25: =IF(B25="","",ROW()-9) -> 16 | B25: =IFERROR(__xludf.DUMMYFUNCTION("""COMPUTED_VALUE"""),"EFREN B. GAMBAN") -> EFREN B. GAMBAN | C25: =IFERROR(__xludf.DUMMYFUNCTION("""COMPUTED_VALUE"""),"N/A") -> N/A | D25: =IFERROR(__xludf.DUMMYFUNCTION("""COMPUTED_VALUE"""),"BLK 3") -> BLK 3 | E25: =IFERROR(__xludf.DUMMYFUNCTION("""COMPUTED_VALUE"""),27.0) -> 27 | F25: =IFERROR(__xludf.DUMMYFUNCTION("""COMPUTED_VALUE"""),"UNREGISTERED") -> UNREGISTERED | I25: =IF(J25="","",ROW()-9)
A26: =IF(B26="","",ROW()-9) -> 17 | B26: =IFERROR(__xludf.DUMMYFUNCTION("""COMPUTED_VALUE"""),"ERLINDA NIEGAS") -> ERLINDA NIEGAS | C26: =IFERROR(__xludf.DUMMYFUNCTION("""COMPUTED_VALUE"""),"N/A") -> N/A | D26: =IFERROR(__xludf.DUMMYFUNCTION("""COMPUTED_VALUE"""),"BLK 3") -> BLK 3 | E26: =IFERROR(__xludf.DUMMYFUNCTION("""COMPUTED_VALUE"""),26.0) -> 26 | F26: =IFERROR(__xludf.DUMMYFUNCTION("""COMPUTED_VALUE"""),"ACTIVE") -> ACTIVE | I26: =IF(J26="","",ROW()-9)
A27: =IF(B27="","",ROW()-9) -> 18 | B27: =IFERROR(__xludf.DUMMYFUNCTION("""COMPUTED_VALUE"""),"EVELIO BOLLOZOS") -> EVELIO BOLLOZOS | C27: =IFERROR(__xludf.DUMMYFUNCTION("""COMPUTED_VALUE"""),"N/A") -> N/A | D27: =IFERROR(__xludf.DUMMYFUNCTION("""COMPUTED_VALUE"""),"BLOCK 4") -> BLOCK 4 | E27: =IFERROR(__xludf.DUMMYFUNCTION("""COMPUTED_VALUE"""),6.0) -> 6 | F27: =IFERROR(__xludf.DUMMYFUNCTION("""COMPUTED_VALUE"""),"UNREGISTERED") -> UNREGISTERED | I27: =IF(J27="","",ROW()-9)
A28: =IF(B28="","",ROW()-9) -> 19 | B28: =IFERROR(__xludf.DUMMYFUNCTION("""COMPUTED_VALUE"""),"FERNANDO HITOSIS") -> FERNANDO HITOSIS | C28: =IFERROR(__xludf.DUMMYFUNCTION("""COMPUTED_VALUE"""),"N/A") -> N/A | D28: =IFERROR(__xludf.DUMMYFUNCTION("""COMPUTED_VALUE"""),"BLK 45") -> BLK 45 | E28: =IFERROR(__xludf.DUMMYFUNCTION("""COMPUTED_VALUE"""),17.0) -> 17 | F28: =IFERROR(__xludf.DUMMYFUNCTION("""COMPUTED_VALUE"""),"UNREGISTERED") -> UNREGISTERED | I28: =IF(J28="","",ROW()-9)
A29: =IF(B29="","",ROW()-9) -> 20 | B29: =IFERROR(__xludf.DUMMYFUNCTION("""COMPUTED_VALUE"""),"GEELYN MAGNO") -> GEELYN MAGNO | C29: =IFERROR(__xludf.DUMMYFUNCTION("""COMPUTED_VALUE"""),"N/A") -> N/A | D29: =IFERROR(__xludf.DUMMYFUNCTION("""COMPUTED_VALUE"""),"BLK 5") -> BLK 5 | E29: =IFERROR(__xludf.DUMMYFUNCTION("""COMPUTED_VALUE"""),4.0) -> 4 | F29: =IFERROR(__xludf.DUMMYFUNCTION("""COMPUTED_VALUE"""),"DISEASE") -> DISEASE | H29: ph | I29: 299 | J29: 311
A30: =IF(B30="","",ROW()-9) -> 21 | B30: =IFERROR(__xludf.DUMMYFUNCTION("""COMPUTED_VALUE"""),"JAN MICHAEL E. DE VERA III") -> JAN MICHAEL E. DE VERA III | C30: =IFERROR(__xludf.DUMMYFUNCTION("""COMPUTED_VALUE"""),"N/A") -> N/A | D30: =IFERROR(__xludf.DUMMYFUNCTION("""COMPUTED_VALUE"""),"BLK 5") -> BLK 5 | E30: =IFERROR(__xludf.DUMMYFUNCTION("""COMPUTED_VALUE"""),22.0) -> 22 | F30: =IFERROR(__xludf.DUMMYFUNCTION("""COMPUTED_VALUE"""),"UNREGISTERED") -> UNREGISTERED | H30: r | I30: 370 | J30: 374
A31: =IF(B31="","",ROW()-9) -> 22 | B31: =IFERROR(__xludf.DUMMYFUNCTION("""COMPUTED_VALUE"""),"JANNE MARBERT MAÑAS") -> JANNE MARBERT MAÑAS | C31: =IFERROR(__xludf.DUMMYFUNCTION("""COMPUTED_VALUE"""),"N/A") -> N/A | D31: =IFERROR(__xludf.DUMMYFUNCTION("""COMPUTED_VALUE"""),"BLK 49") -> BLK 49 | E31: =IFERROR(__xludf.DUMMYFUNCTION("""COMPUTED_VALUE"""),27.0) -> 27 | F31: =IFERROR(__xludf.DUMMYFUNCTION("""COMPUTED_VALUE"""),"UNREGISTERED") -> UNREGISTERED | H31: n/a | I31: 75 | J31: 72
A32: =IF(B32="","",ROW()-9) -> 23 | B32: =IFERROR(__xludf.DUMMYFUNCTION("""COMPUTED_VALUE"""),"JEFFERSON G HERNANDEZ") -> JEFFERSON G HERNANDEZ | C32: =IFERROR(__xludf.DUMMYFUNCTION("""COMPUTED_VALUE"""),"N/A") -> N/A | D32: =IFERROR(__xludf.DUMMYFUNCTION("""COMPUTED_VALUE"""),"BLK 5") -> BLK 5 | E32: =IFERROR(__xludf.DUMMYFUNCTION("""COMPUTED_VALUE"""),22.0) -> 22 | F32: =IFERROR(__xludf.DUMMYFUNCTION("""COMPUTED_VALUE"""),"UNREGISTERED") -> UNREGISTERED | I32: =SUM(I29:I31) -> 744 | J32: =SUM(J29:J31) -> 757
A33: =IF(B33="","",ROW()-9) -> 24 | B33: =IFERROR(__xludf.DUMMYFUNCTION("""COMPUTED_VALUE"""),"JESUS TEODOSIO") -> JESUS TEODOSIO | C33: =IFERROR(__xludf.DUMMYFUNCTION("""COMPUTED_VALUE"""),"N/A") -> N/A | D33: =IFERROR(__xludf.DUMMYFUNCTION("""COMPUTED_VALUE"""),"BLK 41") -> BLK 41 | E33: =IFERROR(__xludf.DUMMYFUNCTION("""COMPUTED_VALUE"""),8.0) -> 8 | F33: =IFERROR(__xludf.DUMMYFUNCTION("""COMPUTED_VALUE"""),"UNREGISTERED") -> UNREGISTERED | I33: =IF(J33="","",ROW()-9)
A34: =IF(B34="","",ROW()-9) -> 25 | B34: =IFERROR(__xludf.DUMMYFUNCTION("""COMPUTED_VALUE"""),"JHONIE A. PALLONES") -> JHONIE A. PALLONES | C34: =IFERROR(__xludf.DUMMYFUNCTION("""COMPUTED_VALUE"""),"N/A") -> N/A | D34: =IFERROR(__xludf.DUMMYFUNCTION("""COMPUTED_VALUE"""),"BLK 41") -> BLK 41 | E34: =IFERROR(__xludf.DUMMYFUNCTION("""COMPUTED_VALUE"""),13.0) -> 13 | F34: =IFERROR(__xludf.DUMMYFUNCTION("""COMPUTED_VALUE"""),"UNREGISTERED") -> UNREGISTERED | I34: =IF(J34="","",ROW()-9)
A35: =IF(B35="","",ROW()-9) -> 26 | B35: =IFERROR(__xludf.DUMMYFUNCTION("""COMPUTED_VALUE"""),"JHONLET CASTRO") -> JHONLET CASTRO | C35: =IFERROR(__xludf.DUMMYFUNCTION("""COMPUTED_VALUE"""),"N/A") -> N/A | D35: =IFERROR(__xludf.DUMMYFUNCTION("""COMPUTED_VALUE"""),"BLK 46") -> BLK 46 | E35: =IFERROR(__xludf.DUMMYFUNCTION("""COMPUTED_VALUE"""),20.0) -> 20 | F35: =IFERROR(__xludf.DUMMYFUNCTION("""COMPUTED_VALUE"""),"UNREGISTERED") -> UNREGISTERED | I35: =IF(J35="","",ROW()-9)
A36: =IF(B36="","",ROW()-9) -> 27 | B36: =IFERROR(__xludf.DUMMYFUNCTION("""COMPUTED_VALUE"""),"JIMWELL QUIAMBAO") -> JIMWELL QUIAMBAO | C36: =IFERROR(__xludf.DUMMYFUNCTION("""COMPUTED_VALUE"""),"N/A") -> N/A | D36: =IFERROR(__xludf.DUMMYFUNCTION("""COMPUTED_VALUE"""),"BLK 1") -> BLK 1 | F36: =IFERROR(__xludf.DUMMYFUNCTION("""COMPUTED_VALUE"""),"INACTIVE") -> INACTIVE | I36: =IF(J36="","",ROW()-9)
A37: =IF(B37="","",ROW()-9) -> 28 | B37: =IFERROR(__xludf.DUMMYFUNCTION("""COMPUTED_VALUE"""),"JOHN CHESTER B RILLO") -> JOHN CHESTER B RILLO | C37: =IFERROR(__xludf.DUMMYFUNCTION("""COMPUTED_VALUE"""),"N/A") -> N/A | D37: =IFERROR(__xludf.DUMMYFUNCTION("""COMPUTED_VALUE"""),"BLK 45") -> BLK 45 | E37: =IFERROR(__xludf.DUMMYFUNCTION("""COMPUTED_VALUE"""),16.0) -> 16 | F37: =IFERROR(__xludf.DUMMYFUNCTION("""COMPUTED_VALUE"""),"UNREGISTERED") -> UNREGISTERED | I37: =IF(J37="","",ROW()-9)
A38: =IF(B38="","",ROW()-9) -> 29 | B38: =IFERROR(__xludf.DUMMYFUNCTION("""COMPUTED_VALUE"""),"JOHN JOSEPH B NARIO") -> JOHN JOSEPH B NARIO | C38: =IFERROR(__xludf.DUMMYFUNCTION("""COMPUTED_VALUE"""),"N/A") -> N/A | D38: =IFERROR(__xludf.DUMMYFUNCTION("""COMPUTED_VALUE"""),"BLK 46") -> BLK 46 | E38: =IFERROR(__xludf.DUMMYFUNCTION("""COMPUTED_VALUE"""),20.0) -> 20 | F38: =IFERROR(__xludf.DUMMYFUNCTION("""COMPUTED_VALUE"""),"UNREGISTERED") -> UNREGISTERED | I38: =IF(J38="","",ROW()-9)
A39: =IF(B39="","",ROW()-9) -> 30 | B39: =IFERROR(__xludf.DUMMYFUNCTION("""COMPUTED_VALUE"""),"JOHN SOLIS") -> JOHN SOLIS | C39: =IFERROR(__xludf.DUMMYFUNCTION("""COMPUTED_VALUE"""),"N/A") -> N/A | D39: =IFERROR(__xludf.DUMMYFUNCTION("""COMPUTED_VALUE"""),"BLK 46") -> BLK 46 | E39: =IFERROR(__xludf.DUMMYFUNCTION("""COMPUTED_VALUE"""),22.0) -> 22 | F39: =IFERROR(__xludf.DUMMYFUNCTION("""COMPUTED_VALUE"""),"UNREGISTERED") -> UNREGISTERED | I39: =IF(J39="","",ROW()-9)
A40: =IF(B40="","",ROW()-9) -> 31 | B40: =IFERROR(__xludf.DUMMYFUNCTION("""COMPUTED_VALUE"""),"JOMEL CHRYSTIANNE HERNIA") -> JOMEL CHRYSTIANNE HERNIA | C40: =IFERROR(__xludf.DUMMYFUNCTION("""COMPUTED_VALUE"""),"N/A") -> N/A | D40: =IFERROR(__xludf.DUMMYFUNCTION("""COMPUTED_VALUE"""),"BLK 3") -> BLK 3 | E40: =IFERROR(__xludf.DUMMYFUNCTION("""COMPUTED_VALUE"""),7.0) -> 7 | F40: =IFERROR(__xludf.DUMMYFUNCTION("""COMPUTED_VALUE"""),"UNREGISTERED") -> UNREGISTERED | I40: =IF(J40="","",ROW()-9)
A41: =IF(B41="","",ROW()-9) -> 32 | B41: =IFERROR(__xludf.DUMMYFUNCTION("""COMPUTED_VALUE"""),"JOMER STO TOMAS") -> JOMER STO TOMAS | C41: =IFERROR(__xludf.DUMMYFUNCTION("""COMPUTED_VALUE"""),"N/A") -> N/A | D41: =IFERROR(__xludf.DUMMYFUNCTION("""COMPUTED_VALUE"""),"BLK 46") -> BLK 46 | E41: =IFERROR(__xludf.DUMMYFUNCTION("""COMPUTED_VALUE"""),34.0) -> 34 | F41: =IFERROR(__xludf.DUMMYFUNCTION("""COMPUTED_VALUE"""),"UNREGISTERED") -> UNREGISTERED | I41: =IF(J41="","",ROW()-9)
A42: =IF(B42="","",ROW()-9) -> 33 | B42: =IFERROR(__xludf.DUMMYFUNCTION("""COMPUTED_VALUE"""),"JOSEFINA CASTRO") -> JOSEFINA CASTRO | C42: =IFERROR(__xludf.DUMMYFUNCTION("""COMPUTED_VALUE"""),"N/A") -> N/A | D42: =IFERROR(__xludf.DUMMYFUNCTION("""COMPUTED_VALUE"""),"BLK 46") -> BLK 46 | E42: =IFERROR(__xludf.DUMMYFUNCTION("""COMPUTED_VALUE"""),34.0) -> 34 | F42: =IFERROR(__xludf.DUMMYFUNCTION("""COMPUTED_VALUE"""),"UNREGISTERED") -> UNREGISTERED | I42: =IF(J42="","",ROW()-9)
A43: =IF(B43="","",ROW()-9) -> 34 | B43: =IFERROR(__xludf.DUMMYFUNCTION("""COMPUTED_VALUE"""),"JOSUE SALONGA") -> JOSUE SALONGA | C43: =IFERROR(__xludf.DUMMYFUNCTION("""COMPUTED_VALUE"""),"N/A") -> N/A | D43: =IFERROR(__xludf.DUMMYFUNCTION("""COMPUTED_VALUE"""),"BLK 45") -> BLK 45 | E43: =IFERROR(__xludf.DUMMYFUNCTION("""COMPUTED_VALUE"""),37.0) -> 37 | F43: =IFERROR(__xludf.DUMMYFUNCTION("""COMPUTED_VALUE"""),"UNREGISTERED") -> UNREGISTERED | I43: =IF(J43="","",ROW()-9)
A44: =IF(B44="","",ROW()-9) -> 35 | B44: =IFERROR(__xludf.DUMMYFUNCTION("""COMPUTED_VALUE"""),"JR MERANDA") -> JR MERANDA | C44: =IFERROR(__xludf.DUMMYFUNCTION("""COMPUTED_VALUE"""),"N/A") -> N/A | D44: =IFERROR(__xludf.DUMMYFUNCTION("""COMPUTED_VALUE"""),"BLOCK 4") -> BLOCK 4 | E44: =IFERROR(__xludf.DUMMYFUNCTION("""COMPUTED_VALUE"""),31.0) -> 31 | F44: =IFERROR(__xludf.DUMMYFUNCTION("""COMPUTED_VALUE"""),"UNREGISTERED") -> UNREGISTERED | I44: =IF(J44="","",ROW()-9)
A45: =IF(B45="","",ROW()-9) -> 36 | B45: =IFERROR(__xludf.DUMMYFUNCTION("""COMPUTED_VALUE"""),"KEN LAURENCE PAANO") -> KEN LAURENCE PAANO | C45: =IFERROR(__xludf.DUMMYFUNCTION("""COMPUTED_VALUE"""),"N/A") -> N/A | D45: =IFERROR(__xludf.DUMMYFUNCTION("""COMPUTED_VALUE"""),"BLK 5") -> BLK 5 | E45: =IFERROR(__xludf.DUMMYFUNCTION("""COMPUTED_VALUE"""),5.0) -> 5 | F45: =IFERROR(__xludf.DUMMYFUNCTION("""COMPUTED_VALUE"""),"UNREGISTERED") -> UNREGISTERED | I45: =IF(J45="","",ROW()-9)
A46: =IF(B46="","",ROW()-9) -> 37 | B46: =IFERROR(__xludf.DUMMYFUNCTION("""COMPUTED_VALUE"""),"LIBERTY BALILI") -> LIBERTY BALILI | C46: =IFERROR(__xludf.DUMMYFUNCTION("""COMPUTED_VALUE"""),"N/A") -> N/A | D46: =IFERROR(__xludf.DUMMYFUNCTION("""COMPUTED_VALUE"""),"BLK 3") -> BLK 3 | E46: =IFERROR(__xludf.DUMMYFUNCTION("""COMPUTED_VALUE"""),23.0) -> 23 | F46: =IFERROR(__xludf.DUMMYFUNCTION("""COMPUTED_VALUE"""),"UNREGISTERED") -> UNREGISTERED | I46: =IF(J46="","",ROW()-9)
A47: =IF(B47="","",ROW()-9) -> 38 | B47: =IFERROR(__xludf.DUMMYFUNCTION("""COMPUTED_VALUE"""),"LIZA LOBRIO") -> LIZA LOBRIO | C47: =IFERROR(__xludf.DUMMYFUNCTION("""COMPUTED_VALUE"""),"KDBM") -> KDBM | D47: =IFERROR(__xludf.DUMMYFUNCTION("""COMPUTED_VALUE"""),"BLK 49") -> BLK 49 | E47: =IFERROR(__xludf.DUMMYFUNCTION("""COMPUTED_VALUE"""),27.0) -> 27 | F47: =IFERROR(__xludf.DUMMYFUNCTION("""COMPUTED_VALUE"""),"INACTIVE") -> INACTIVE | I47: =IF(J47="","",ROW()-9)
A48: =IF(B48="","",ROW()-9) -> 39 | B48: =IFERROR(__xludf.DUMMYFUNCTION("""COMPUTED_VALUE"""),"LOLOTA E. WIEL") -> LOLOTA E. WIEL | C48: =IFERROR(__xludf.DUMMYFUNCTION("""COMPUTED_VALUE"""),"SENIOR") -> SENIOR | D48: =IFERROR(__xludf.DUMMYFUNCTION("""COMPUTED_VALUE"""),"BLOCK 4") -> BLOCK 4 | E48: =IFERROR(__xludf.DUMMYFUNCTION("""COMPUTED_VALUE"""),25.0) -> 25 | F48: =IFERROR(__xludf.DUMMYFUNCTION("""COMPUTED_VALUE"""),"UNREGISTERED") -> UNREGISTERED | I48: =IF(J48="","",ROW()-9)
A49: =IF(B49="","",ROW()-9) -> 40 | B49: =IFERROR(__xludf.DUMMYFUNCTION("""COMPUTED_VALUE"""),"MARIA BRENDA R. AGOTE") -> MARIA BRENDA R. AGOTE | C49: =IFERROR(__xludf.DUMMYFUNCTION("""COMPUTED_VALUE"""),"N/A") -> N/A | D49: =IFERROR(__xludf.DUMMYFUNCTION("""COMPUTED_VALUE"""),"BLK 49") -> BLK 49 | E49: =IFERROR(__xludf.DUMMYFUNCTION("""COMPUTED_VALUE"""),12.0) -> 12 | F49: =IFERROR(__xludf.DUMMYFUNCTION("""COMPUTED_VALUE"""),"UNREGISTERED") -> UNREGISTERED | I49: =IF(J49="","",ROW()-9)
A50: =IF(B50="","",ROW()-9) -> 41 | B50: =IFERROR(__xludf.DUMMYFUNCTION("""COMPUTED_VALUE"""),"MARICEL FLORES") -> MARICEL FLORES | C50: =IFERROR(__xludf.DUMMYFUNCTION("""COMPUTED_VALUE"""),"N/A") -> N/A | D50: =IFERROR(__xludf.DUMMYFUNCTION("""COMPUTED_VALUE"""),"BLK 3") -> BLK 3 | E50: =IFERROR(__xludf.DUMMYFUNCTION("""COMPUTED_VALUE"""),22.0) -> 22 | F50: =IFERROR(__xludf.DUMMYFUNCTION("""COMPUTED_VALUE"""),"UNREGISTERED") -> UNREGISTERED | I50: =IF(J50="","",ROW()-9)
A51: =IF(B51="","",ROW()-9) -> 42 | B51: =IFERROR(__xludf.DUMMYFUNCTION("""COMPUTED_VALUE"""),"MELANIE M. ROBLES") -> MELANIE M. ROBLES | C51: =IFERROR(__xludf.DUMMYFUNCTION("""COMPUTED_VALUE"""),"KDBM") -> KDBM | D51: =IFERROR(__xludf.DUMMYFUNCTION("""COMPUTED_VALUE"""),"BLOCK 4") -> BLOCK 4 | E51: =IFERROR(__xludf.DUMMYFUNCTION("""COMPUTED_VALUE"""),3.0) -> 3 | F51: =IFERROR(__xludf.DUMMYFUNCTION("""COMPUTED_VALUE"""),"INACTIVE") -> INACTIVE | I51: =IF(J51="","",ROW()-9)
A52: =IF(B52="","",ROW()-9) -> 43 | B52: =IFERROR(__xludf.DUMMYFUNCTION("""COMPUTED_VALUE"""),"MICHAEL ANGELO VILLA") -> MICHAEL ANGELO VILLA | C52: =IFERROR(__xludf.DUMMYFUNCTION("""COMPUTED_VALUE"""),"N/A") -> N/A | D52: =IFERROR(__xludf.DUMMYFUNCTION("""COMPUTED_VALUE"""),"BLK 41") -> BLK 41 | E52: =IFERROR(__xludf.DUMMYFUNCTION("""COMPUTED_VALUE"""),25.0) -> 25 | F52: =IFERROR(__xludf.DUMMYFUNCTION("""COMPUTED_VALUE"""),"ACTIVE") -> ACTIVE | I52: =IF(J52="","",ROW()-9)
A53: =IF(B53="","",ROW()-9) -> 44 | B53: =IFERROR(__xludf.DUMMYFUNCTION("""COMPUTED_VALUE"""),"NIEL JARED TIONGCO") -> NIEL JARED TIONGCO | C53: =IFERROR(__xludf.DUMMYFUNCTION("""COMPUTED_VALUE"""),"N/A") -> N/A | D53: =IFERROR(__xludf.DUMMYFUNCTION("""COMPUTED_VALUE"""),"BLK 3") -> BLK 3 | E53: =IFERROR(__xludf.DUMMYFUNCTION("""COMPUTED_VALUE"""),4.0) -> 4 | F53: =IFERROR(__xludf.DUMMYFUNCTION("""COMPUTED_VALUE"""),"UNREGISTERED") -> UNREGISTERED | I53: =IF(J53="","",ROW()-9)
A54: =IF(B54="","",ROW()-9) -> 45 | B54: =IFERROR(__xludf.DUMMYFUNCTION("""COMPUTED_VALUE"""),"NOEMI A RAYTOS") -> NOEMI A RAYTOS | C54: =IFERROR(__xludf.DUMMYFUNCTION("""COMPUTED_VALUE"""),"N/A") -> N/A | D54: =IFERROR(__xludf.DUMMYFUNCTION("""COMPUTED_VALUE"""),"BLK 45") -> BLK 45 | E54: =IFERROR(__xludf.DUMMYFUNCTION("""COMPUTED_VALUE"""),9.0) -> 9 | F54: =IFERROR(__xludf.DUMMYFUNCTION("""COMPUTED_VALUE"""),"UNREGISTERED") -> UNREGISTERED | I54: =IF(J54="","",ROW()-9)
A55: =IF(B55="","",ROW()-9) -> 46 | B55: =IFERROR(__xludf.DUMMYFUNCTION("""COMPUTED_VALUE"""),"PACITA TULAY") -> PACITA TULAY | C55: =IFERROR(__xludf.DUMMYFUNCTION("""COMPUTED_VALUE"""),"SENIOR") -> SENIOR | D55: =IFERROR(__xludf.DUMMYFUNCTION("""COMPUTED_VALUE"""),"BLK 45") -> BLK 45 | F55: =IFERROR(__xludf.DUMMYFUNCTION("""COMPUTED_VALUE"""),"INACTIVE") -> INACTIVE | I55: =IF(J55="","",ROW()-9)
A56: =IF(B56="","",ROW()-9) -> 47 | B56: =IFERROR(__xludf.DUMMYFUNCTION("""COMPUTED_VALUE"""),"PAULA CAMILLE TASLASTAS") -> PAULA CAMILLE TASLASTAS | C56: =IFERROR(__xludf.DUMMYFUNCTION("""COMPUTED_VALUE"""),"N/A") -> N/A | D56: =IFERROR(__xludf.DUMMYFUNCTION("""COMPUTED_VALUE"""),"BLK 5") -> BLK 5 | E56: =IFERROR(__xludf.DUMMYFUNCTION("""COMPUTED_VALUE"""),4.0) -> 4 | F56: =IFERROR(__xludf.DUMMYFUNCTION("""COMPUTED_VALUE"""),"INACTIVE") -> INACTIVE | I56: =IF(J56="","",ROW()-9)
A57: =IF(B57="","",ROW()-9) -> 48 | B57: =IFERROR(__xludf.DUMMYFUNCTION("""COMPUTED_VALUE"""),"RICSON VERCELES") -> RICSON VERCELES | C57: =IFERROR(__xludf.DUMMYFUNCTION("""COMPUTED_VALUE"""),"N/A") -> N/A | D57: =IFERROR(__xludf.DUMMYFUNCTION("""COMPUTED_VALUE"""),"BLK 41") -> BLK 41 | E57: =IFERROR(__xludf.DUMMYFUNCTION("""COMPUTED_VALUE"""),27.0) -> 27 | F57: =IFERROR(__xludf.DUMMYFUNCTION("""COMPUTED_VALUE"""),"UNREGISTERED") -> UNREGISTERED | I57: =IF(J57="","",ROW()-9)
A58: =IF(B58="","",ROW()-9) -> 49 | B58: =IFERROR(__xludf.DUMMYFUNCTION("""COMPUTED_VALUE"""),"ROMNICK BONGCAYAW") -> ROMNICK BONGCAYAW | C58: =IFERROR(__xludf.DUMMYFUNCTION("""COMPUTED_VALUE"""),"N/A") -> N/A | D58: =IFERROR(__xludf.DUMMYFUNCTION("""COMPUTED_VALUE"""),"BLK 49") -> BLK 49 | E58: =IFERROR(__xludf.DUMMYFUNCTION("""COMPUTED_VALUE"""),2.0) -> 2 | F58: =IFERROR(__xludf.DUMMYFUNCTION("""COMPUTED_VALUE"""),"UNREGISTERED") -> UNREGISTERED | I58: =IF(J58="","",ROW()-9)
A59: =IF(B59="","",ROW()-9) -> 50 | B59: =IFERROR(__xludf.DUMMYFUNCTION("""COMPUTED_VALUE"""),"RONNIE QUILLIT") -> RONNIE QUILLIT | C59: =IFERROR(__xludf.DUMMYFUNCTION("""COMPUTED_VALUE"""),"N/A") -> N/A | D59: =IFERROR(__xludf.DUMMYFUNCTION("""COMPUTED_VALUE"""),"BLK 46") -> BLK 46 | E59: =IFERROR(__xludf.DUMMYFUNCTION("""COMPUTED_VALUE"""),10.0) -> 10 | F59: =IFERROR(__xludf.DUMMYFUNCTION("""COMPUTED_VALUE"""),"INACTIVE") -> INACTIVE | I59: =IF(J59="","",ROW()-9)
A60: =IF(B60="","",ROW()-9) -> 51 | B60: =IFERROR(__xludf.DUMMYFUNCTION("""COMPUTED_VALUE"""),"RTLEOLE CASTRO") -> RTLEOLE CASTRO | C60: =IFERROR(__xludf.DUMMYFUNCTION("""COMPUTED_VALUE"""),"N/A") -> N/A | D60: =IFERROR(__xludf.DUMMYFUNCTION("""COMPUTED_VALUE"""),"BLK 46") -> BLK 46 | E60: =IFERROR(__xludf.DUMMYFUNCTION("""COMPUTED_VALUE"""),34.0) -> 34 | F60: =IFERROR(__xludf.DUMMYFUNCTION("""COMPUTED_VALUE"""),"UNREGISTERED") -> UNREGISTERED | I60: =IF(J60="","",ROW()-9)
A61: =IF(B61="","",ROW()-9) -> 52 | B61: =IFERROR(__xludf.DUMMYFUNCTION("""COMPUTED_VALUE"""),"SAIMEL MATEO") -> SAIMEL MATEO | C61: =IFERROR(__xludf.DUMMYFUNCTION("""COMPUTED_VALUE"""),"N/A") -> N/A | D61: =IFERROR(__xludf.DUMMYFUNCTION("""COMPUTED_VALUE"""),"BLK 46") -> BLK 46 | E61: =IFERROR(__xludf.DUMMYFUNCTION("""COMPUTED_VALUE"""),22.0) -> 22 | F61: =IFERROR(__xludf.DUMMYFUNCTION("""COMPUTED_VALUE"""),"UNREGISTERED") -> UNREGISTERED | I61: =IF(J61="","",ROW()-9)
A62: =IF(B62="","",ROW()-9) -> 53 | B62: =IFERROR(__xludf.DUMMYFUNCTION("""COMPUTED_VALUE"""),"SHIN LEDRIANO") -> SHIN LEDRIANO | C62: =IFERROR(__xludf.DUMMYFUNCTION("""COMPUTED_VALUE"""),"N/A") -> N/A | D62: =IFERROR(__xludf.DUMMYFUNCTION("""COMPUTED_VALUE"""),"BLK 1") -> BLK 1 | E62: =IFERROR(__xludf.DUMMYFUNCTION("""COMPUTED_VALUE"""),3.0) -> 3 | F62: =IFERROR(__xludf.DUMMYFUNCTION("""COMPUTED_VALUE"""),"UNREGISTERED") -> UNREGISTERED | I62: =IF(J62="","",ROW()-9)
A63: =IF(B63="","",ROW()-9) -> 54 | B63: =IFERROR(__xludf.DUMMYFUNCTION("""COMPUTED_VALUE"""),"SIENALYN OLAES") -> SIENALYN OLAES | C63: =IFERROR(__xludf.DUMMYFUNCTION("""COMPUTED_VALUE"""),"N/A") -> N/A | D63: =IFERROR(__xludf.DUMMYFUNCTION("""COMPUTED_VALUE"""),"BLK 5") -> BLK 5 | E63: =IFERROR(__xludf.DUMMYFUNCTION("""COMPUTED_VALUE"""),28.0) -> 28 | F63: =IFERROR(__xludf.DUMMYFUNCTION("""COMPUTED_VALUE"""),"UNREGISTERED") -> UNREGISTERED | I63: =IF(J63="","",ROW()-9)
A64: =IF(B64="","",ROW()-9) -> 55 | B64: =IFERROR(__xludf.DUMMYFUNCTION("""COMPUTED_VALUE"""),"SONNY OREJANA") -> SONNY OREJANA | C64: =IFERROR(__xludf.DUMMYFUNCTION("""COMPUTED_VALUE"""),"N/A") -> N/A | D64: =IFERROR(__xludf.DUMMYFUNCTION("""COMPUTED_VALUE"""),"BLK 41") -> BLK 41 | E64: =IFERROR(__xludf.DUMMYFUNCTION("""COMPUTED_VALUE"""),8.0) -> 8 | F64: =IFERROR(__xludf.DUMMYFUNCTION("""COMPUTED_VALUE"""),"UNREGISTERED") -> UNREGISTERED | I64: =IF(J64="","",ROW()-9)
A65: =IF(B65="","",ROW()-9) -> 56 | B65: =IFERROR(__xludf.DUMMYFUNCTION("""COMPUTED_VALUE"""),"TEDDY DIZON") -> TEDDY DIZON | C65: =IFERROR(__xludf.DUMMYFUNCTION("""COMPUTED_VALUE"""),"N/A") -> N/A | D65: =IFERROR(__xludf.DUMMYFUNCTION("""COMPUTED_VALUE"""),"BLK 3") -> BLK 3 | E65: =IFERROR(__xludf.DUMMYFUNCTION("""COMPUTED_VALUE"""),24.0) -> 24 | F65: =IFERROR(__xludf.DUMMYFUNCTION("""COMPUTED_VALUE"""),"UNREGISTERED") -> UNREGISTERED | I65: =IF(J65="","",ROW()-9)
A66: =IF(B66="","",ROW()-9) -> 57 | B66: =IFERROR(__xludf.DUMMYFUNCTION("""COMPUTED_VALUE"""),"TERESITA CORTEZANO") -> TERESITA CORTEZANO | C66: =IFERROR(__xludf.DUMMYFUNCTION("""COMPUTED_VALUE"""),"N/A") -> N/A | D66: =IFERROR(__xludf.DUMMYFUNCTION("""COMPUTED_VALUE"""),"BLK 46") -> BLK 46 | E66: =IFERROR(__xludf.DUMMYFUNCTION("""COMPUTED_VALUE"""),21.0) -> 21 | F66: =IFERROR(__xludf.DUMMYFUNCTION("""COMPUTED_VALUE"""),"UNREGISTERED") -> UNREGISTERED | I66: =IF(J66="","",ROW()-9)
A67: =IF(B67="","",ROW()-9) -> 58 | B67: =IFERROR(__xludf.DUMMYFUNCTION("""COMPUTED_VALUE"""),"TIMOTHY JEROME A. DELA CRUZ") -> TIMOTHY JEROME A. DELA CRUZ | C67: =IFERROR(__xludf.DUMMYFUNCTION("""COMPUTED_VALUE"""),"N/A") -> N/A | D67: =IFERROR(__xludf.DUMMYFUNCTION("""COMPUTED_VALUE"""),"BLK 41") -> BLK 41 | E67: =IFERROR(__xludf.DUMMYFUNCTION("""COMPUTED_VALUE"""),5.0) -> 5 | F67: =IFERROR(__xludf.DUMMYFUNCTION("""COMPUTED_VALUE"""),"UNREGISTERED") -> UNREGISTERED | I67: =IF(J67="","",ROW()-9)
A68: =IF(B68="","",ROW()-9) -> 59 | B68: =IFERROR(__xludf.DUMMYFUNCTION("""COMPUTED_VALUE"""),"TITO ESCUADRO JR.") -> TITO ESCUADRO JR. | C68: =IFERROR(__xludf.DUMMYFUNCTION("""COMPUTED_VALUE"""),"N/A") -> N/A | D68: =IFERROR(__xludf.DUMMYFUNCTION("""COMPUTED_VALUE"""),"BLK 5") -> BLK 5 | E68: =IFERROR(__xludf.DUMMYFUNCTION("""COMPUTED_VALUE"""),9.0) -> 9 | F68: =IFERROR(__xludf.DUMMYFUNCTION("""COMPUTED_VALUE"""),"INACTIVE") -> INACTIVE | I68: =IF(J68="","",ROW()-9)
A69: =IF(B69="","",ROW()-9) -> 60 | B69: =IFERROR(__xludf.DUMMYFUNCTION("""COMPUTED_VALUE"""),"TRISHA SISON") -> TRISHA SISON | C69: =IFERROR(__xludf.DUMMYFUNCTION("""COMPUTED_VALUE"""),"N/A") -> N/A | D69: =IFERROR(__xludf.DUMMYFUNCTION("""COMPUTED_VALUE"""),"BLK 1") -> BLK 1 | E69: =IFERROR(__xludf.DUMMYFUNCTION("""COMPUTED_VALUE"""),23.0) -> 23 | F69: =IFERROR(__xludf.DUMMYFUNCTION("""COMPUTED_VALUE"""),"UNREGISTERED") -> UNREGISTERED | I69: =IF(J69="","",ROW()-9)
A70: =IF(B70="","",ROW()-9) -> 61 | B70: =IFERROR(__xludf.DUMMYFUNCTION("""COMPUTED_VALUE"""),"VER N. ROMA JR") -> VER N. ROMA JR | C70: =IFERROR(__xludf.DUMMYFUNCTION("""COMPUTED_VALUE"""),"N/A") -> N/A | D70: =IFERROR(__xludf.DUMMYFUNCTION("""COMPUTED_VALUE"""),"BLK 3") -> BLK 3 | E70: =IFERROR(__xludf.DUMMYFUNCTION("""COMPUTED_VALUE"""),14.0) -> 14 | F70: =IFERROR(__xludf.DUMMYFUNCTION("""COMPUTED_VALUE"""),"UNREGISTERED") -> UNREGISTERED | I70: =IF(J70="","",ROW()-9)
A71: =IF(B71="","",ROW()-9) | I71: =IF(J71="","",ROW()-9)
A72: =IF(B72="","",ROW()-9) | I72: =IF(J72="","",ROW()-9)
A73: =IF(B73="","",ROW()-9) | I73: =IF(J73="","",ROW()-9)
A74: =IF(B74="","",ROW()-9) | I74: =IF(J74="","",ROW()-9)
A75: =IF(B75="","",ROW()-9) | I75: =IF(J75="","",ROW()-9)
A76: =IF(B76="","",ROW()-9) | I76: =IF(J76="","",ROW()-9)
A77: =IF(B77="","",ROW()-9) | I77: =IF(J77="","",ROW()-9)
A78: =IF(B78="","",ROW()-9) | I78: =IF(J78="","",ROW()-9)
A79: =IF(B79="","",ROW()-9) | I79: =IF(J79="","",ROW()-9)
A80: =IF(B80="","",ROW()-9) | I80: =IF(J80="","",ROW()-9)
A81: =IF(B81="","",ROW()-9) | I81: =IF(J81="","",ROW()-9)
A82: =IF(B82="","",ROW()-9) | I82: =IF(J82="","",ROW()-9)
... A1942: =IF(B1942="","",ROW()-9) | I1942: =IF(J1942="","",ROW()-9)

Sheet BLOCK FILTER
B2: SEARCH BLOCK 🔎: | C2: BLK 49
B3: COUNT: | C3: =COUNT(A6:A1000) -> 66
A5: NO. | B5: NAME | C5: CATEGORY | G5: PH-PAMASKONG HANDOG | R-RICE | J5: BLOCK
A6: =IF(B6="","",ROW()-5) -> 1 | B6: =IFERROR(__xludf.DUMMYFUNCTION("IFERROR(FILTER('HEAD OF THE FAMILY'!B6:J1000,ISNUMBER(SEARCH(LOWER(C2), LOWER('HEAD OF THE FAMILY'!J6:J1000)))), ""NO MATCH FOUND"")"),"ALBERTO LOBRIO JR.") -> ALBERTO LOBRIO JR. | C6: =IFERROR(__xludf.DUMMYFUNCTION("""COMPUTED_VALUE"""),"THIRD GEN") -> THIRD GEN | F6: =IFERROR(__xludf.DUMMYFUNCTION("""COMPUTED_VALUE"""),"ACTIVE") -> ACTIVE | G6: =IFERROR(__xludf.DUMMYFUNCTION("""COMPUTED_VALUE"""),"PH") -> PH | H6: =IFERROR(__xludf.DUMMYFUNCTION("""COMPUTED_VALUE"""),"LETECIA LOBRIO") -> LETECIA LOBRIO | I6: =IFERROR(__xludf.DUMMYFUNCTION("""COMPUTED_VALUE"""),"KDBM") -> KDBM | J6: =IFERROR(__xludf.DUMMYFUNCTION("""COMPUTED_VALUE"""),"BLK 49") -> BLK 49 | L6: FOR CHECKING
A7: =IF(B7="","",ROW()-5) -> 2 | B7: =IFERROR(__xludf.DUMMYFUNCTION("""COMPUTED_VALUE"""),"ALBERTO LOBRIO SR.") -> ALBERTO LOBRIO SR. | C7: =IFERROR(__xludf.DUMMYFUNCTION("""COMPUTED_VALUE"""),"SENIOR") -> SENIOR | F7: =IFERROR(__xludf.DUMMYFUNCTION("""COMPUTED_VALUE"""),"ACTIVE") -> ACTIVE | G7: =IFERROR(__xludf.DUMMYFUNCTION("""COMPUTED_VALUE"""),"PH") -> PH | H7: =IFERROR(__xludf.DUMMYFUNCTION("""COMPUTED_VALUE"""),"CECILA LOBRIO") -> CECILA LOBRIO | I7: =IFERROR(__xludf.DUMMYFUNCTION("""COMPUTED_VALUE"""),"SENIOR") -> SENIOR | J7: =IFERROR(__xludf.DUMMYFUNCTION("""COMPUTED_VALUE"""),"BLK 49") -> BLK 49
A8: =IF(B8="","",ROW()-5) -> 3 | B8: =IFERROR(__xludf.DUMMYFUNCTION("""COMPUTED_VALUE"""),"ALLAN N. HIPOLITO JR.") -> ALLAN N. HIPOLITO JR. | C8: =IFERROR(__xludf.DUMMYFUNCTION("""COMPUTED_VALUE"""),"N/A") -> N/A | F8: =IFERROR(__xludf.DUMMYFUNCTION("""COMPUTED_VALUE"""),"ACTIVE") -> ACTIVE | G8: =IFERROR(__xludf.DUMMYFUNCTION("""COMPUTED_VALUE"""),"R") -> R | H8: =IFERROR(__xludf.DUMMYFUNCTION("""COMPUTED_VALUE"""),"ALEXIS C. RONDILLA") -> ALEXIS C. RONDILLA | J8: =IFERROR(__xludf.DUMMYFUNCTION("""COMPUTED_VALUE"""),"BLK 49") -> BLK 49 | L8: SENIOR | M8: =COUNTIFS($C$6:C1000,L8) -> 16 | Q8: 1 | R8: 67
A9: =IF(B9="","",ROW()-5) -> 4 | B9: =IFERROR(__xludf.DUMMYFUNCTION("""COMPUTED_VALUE"""),"ALLAN P. HIPOLITO SR.") -> ALLAN P. HIPOLITO SR. | C9: =IFERROR(__xludf.DUMMYFUNCTION("""COMPUTED_VALUE"""),"4PS") -> 4PS | F9: =IFERROR(__xludf.DUMMYFUNCTION("""COMPUTED_VALUE"""),"ACTIVE") -> ACTIVE | G9: =IFERROR(__xludf.DUMMYFUNCTION("""COMPUTED_VALUE"""),"PH") -> PH | H9: =IFERROR(__xludf.DUMMYFUNCTION("""COMPUTED_VALUE"""),"ELSIE HIPOLITO") -> ELSIE HIPOLITO | I9: =IFERROR(__xludf.DUMMYFUNCTION("""COMPUTED_VALUE"""),"BRGY. OFFICIALS") -> BRGY. OFFICIALS | J9: =IFERROR(__xludf.DUMMYFUNCTION("""COMPUTED_VALUE"""),"BLK 49") -> BLK 49 | L9: PWD | M9: =COUNTIFS($C$6:C1001,L9) -> 0 | Q9: 3 | R9: 83
A10: =IF(B10="","",ROW()-5) -> 5 | B10: =IFERROR(__xludf.DUMMYFUNCTION("""COMPUTED_VALUE"""),"ALLEN EDWARD T. MONCES") -> ALLEN EDWARD T. MONCES | C10: =IFERROR(__xludf.DUMMYFUNCTION("""COMPUTED_VALUE"""),"N/A") -> N/A | F10: =IFERROR(__xludf.DUMMYFUNCTION("""COMPUTED_VALUE"""),"UNREGISTERED") -> UNREGISTERED | G10: =IFERROR(__xludf.DUMMYFUNCTION("""COMPUTED_VALUE"""),"R") -> R | H10: =IFERROR(__xludf.DUMMYFUNCTION("""COMPUTED_VALUE"""),"PRECY MAE L. BULO") -> PRECY MAE L. BULO | J10: =IFERROR(__xludf.DUMMYFUNCTION("""COMPUTED_VALUE"""),"BLK 49") -> BLK 49 | L10: 4PS | M10: =COUNTIFS($C$6:C1002,L10) -> 2 | Q10: 4 | R10: 115
A11: =IF(B11="","",ROW()-5) -> 6 | B11: =IFERROR(__xludf.DUMMYFUNCTION("""COMPUTED_VALUE"""),"ALVIN BAREZA") -> ALVIN BAREZA | C11: =IFERROR(__xludf.DUMMYFUNCTION("""COMPUTED_VALUE"""),"N/A") -> N/A | F11: =IFERROR(__xludf.DUMMYFUNCTION("""COMPUTED_VALUE"""),"UNREGISTERED") -> UNREGISTERED | G11: =IFERROR(__xludf.DUMMYFUNCTION("""COMPUTED_VALUE"""),"R") -> R | H11: =IFERROR(__xludf.DUMMYFUNCTION("""COMPUTED_VALUE"""),"ELAINE ROSE RONASE") -> ELAINE ROSE RONASE | J11: =IFERROR(__xludf.DUMMYFUNCTION("""COMPUTED_VALUE"""),"BLK 49") -> BLK 49 | L11: SOLO PARENT | M11: =COUNTIFS($C$6:C1003,L11) -> 0 | Q11: 5 | R11: 118
A12: =IF(B12="","",ROW()-5) -> 7 | B12: =IFERROR(__xludf.DUMMYFUNCTION("""COMPUTED_VALUE"""),"ARCADIO M. CRUZ") -> ARCADIO M. CRUZ | C12: =IFERROR(__xludf.DUMMYFUNCTION("""COMPUTED_VALUE"""),"N/A") -> N/A | F12: =IFERROR(__xludf.DUMMYFUNCTION("""COMPUTED_VALUE"""),"ACTIVE") -> ACTIVE | G12: =IFERROR(__xludf.DUMMYFUNCTION("""COMPUTED_VALUE"""),"R") -> R | J12: =IFERROR(__xludf.DUMMYFUNCTION("""COMPUTED_VALUE"""),"BLK 49") -> BLK 49 | L12: BRGY. OFFICIALS | M12: =COUNTIFS($C$6:C1004,L12) -> 1 | Q12: 45 | R12: 101
A13: =IF(B13="","",ROW()-5) -> 8 | B13: =IFERROR(__xludf.DUMMYFUNCTION("""COMPUTED_VALUE"""),"ARIEL O. DEL ROSARIO") -> ARIEL O. DEL ROSARIO | C13: =IFERROR(__xludf.DUMMYFUNCTION("""COMPUTED_VALUE"""),"N/A") -> N/A | F13: =IFERROR(__xludf.DUMMYFUNCTION("""COMPUTED_VALUE"""),"ACTIVE") -> ACTIVE | G13: =IFERROR(__xludf.DUMMYFUNCTION("""COMPUTED_VALUE"""),"R") -> R | J13: =IFERROR(__xludf.DUMMYFUNCTION("""COMPUTED_VALUE"""),"BLK 49") -> BLK 49 | L13: KDBM | M13: =COUNTIFS($C$6:C1005,L13) -> 1 | Q13: 46 | R13: 122
A14: =IF(B14="","",ROW()-5) -> 9 | B14: =IFERROR(__xludf.DUMMYFUNCTION("""COMPUTED_VALUE"""),"ARVIN P. BALOFIÑOS") -> ARVIN P. BALOFIÑOS | C14: =IFERROR(__xludf.DUMMYFUNCTION("""COMPUTED_VALUE"""),"N/A") -> N/A | F14: =IFERROR(__xludf.DUMMYFUNCTION("""COMPUTED_VALUE"""),"ACTIVE") -> ACTIVE | G14: =IFERROR(__xludf.DUMMYFUNCTION("""COMPUTED_VALUE"""),"PH") -> PH | H14: =IFERROR(__xludf.DUMMYFUNCTION("""COMPUTED_VALUE"""),"JONIS A. BALOFIÑOS") -> JONIS A. BALOFIÑOS | I14: =IFERROR(__xludf.DUMMYFUNCTION("""COMPUTED_VALUE"""),"KDBM") -> KDBM | J14: =IFERROR(__xludf.DUMMYFUNCTION("""COMPUTED_VALUE"""),"BLK 49") -> BLK 49 | L14: THIRD GEN | M14: =COUNTIFS($C$6:C1006,L14) -> 3 | Q14: 41 | R14: 88
A15: =IF(B15="","",ROW()-5) -> 10 | B15: =IFERROR(__xludf.DUMMYFUNCTION("""COMPUTED_VALUE"""),"CARLITO OLIVA") -> CARLITO OLIVA | C15: =IFERROR(__xludf.DUMMYFUNCTION("""COMPUTED_VALUE"""),"THIRD GEN") -> THIRD GEN | F15: =IFERROR(__xludf.DUMMYFUNCTION("""COMPUTED_VALUE"""),"UNREGISTERED") -> UNREGISTERED | G15: =IFERROR(__xludf.DUMMYFUNCTION("""COMPUTED_VALUE"""),"R") -> R | H15: =IFERROR(__xludf.DUMMYFUNCTION("""COMPUTED_VALUE"""),"MARIVIC CAMPOS") -> MARIVIC CAMPOS | J15: =IFERROR(__xludf.DUMMYFUNCTION("""COMPUTED_VALUE"""),"BLK 49") -> BLK 49 | L15: N/A | M15: =COUNTIFS($C$6:C1007,L15) -> 43 | Q15: 49 | R15: 62
A16: =IF(B16="","",ROW()-5) -> 11 | B16: =IFERROR(__xludf.DUMMYFUNCTION("""COMPUTED_VALUE"""),"CAROL DEL ROSARIO") -> CAROL DEL ROSARIO | C16: =IFERROR(__xludf.DUMMYFUNCTION("""COMPUTED_VALUE"""),"SENIOR") -> SENIOR | F16: =IFERROR(__xludf.DUMMYFUNCTION("""COMPUTED_VALUE"""),"ACTIVE") -> ACTIVE | G16: =IFERROR(__xludf.DUMMYFUNCTION("""COMPUTED_VALUE"""),"PH") -> PH | J16: =IFERROR(__xludf.DUMMYFUNCTION("""COMPUTED_VALUE"""),"BLK 49") -> BLK 49 | L16: BRGY. OFFICIALS, SENIOR | M16: =COUNTIFS($C$6:C1008,L16) -> 0 | R16: =SUM(R8:R15) -> 756
A17: =IF(B17="","",ROW()-5) -> 12 | B17: =IFERROR(__xludf.DUMMYFUNCTION("""COMPUTED_VALUE"""),"DENNIS E. VILA") -> DENNIS E. VILA | C17: =IFERROR(__xludf.DUMMYFUNCTION("""COMPUTED_VALUE"""),"N/A") -> N/A | F17: =IFERROR(__xludf.DUMMYFUNCTION("""COMPUTED_VALUE"""),"ACTIVE") -> ACTIVE | G17: =IFERROR(__xludf.DUMMYFUNCTION("""COMPUTED_VALUE"""),"R") -> R | H17: =IFERROR(__xludf.DUMMYFUNCTION("""COMPUTED_VALUE"""),"MARY GRACE D. VILA") -> MARY GRACE D. VILA | J17: =IFERROR(__xludf.DUMMYFUNCTION("""COMPUTED_VALUE"""),"BLK 49") -> BLK 49 | L17: TOTAL: | M17: =SUM(M8:M16) -> 66
A18: =IF(B18="","",ROW()-5) -> 13 | B18: =IFERROR(__xludf.DUMMYFUNCTION("""COMPUTED_VALUE"""),"DINA OLIVERA") -> DINA OLIVERA | C18: =IFERROR(__xludf.DUMMYFUNCTION("""COMPUTED_VALUE"""),"SENIOR") -> SENIOR | F18: =IFERROR(__xludf.DUMMYFUNCTION("""COMPUTED_VALUE"""),"ACTIVE") -> ACTIVE | G18: =IFERROR(__xludf.DUMMYFUNCTION("""COMPUTED_VALUE"""),"PH") -> PH | J18: =IFERROR(__xludf.DUMMYFUNCTION("""COMPUTED_VALUE"""),"BLK 49") -> BLK 49
A19: =IF(B19="","",ROW()-5) -> 14 | B19: =IFERROR(__xludf.DUMMYFUNCTION("""COMPUTED_VALUE"""),"DOMINGO LOBRIO") -> DOMINGO LOBRIO | C19: =IFERROR(__xludf.DUMMYFUNCTION("""COMPUTED_VALUE"""),"N/A") -> N/A | F19: =IFERROR(__xludf.DUMMYFUNCTION("""COMPUTED_VALUE"""),"UNREGISTERED") -> UNREGISTERED | G19: =IFERROR(__xludf.DUMMYFUNCTION("""COMPUTED_VALUE"""),"N/A") -> N/A | J19: =IFERROR(__xludf.DUMMYFUNCTION("""COMPUTED_VALUE"""),"BLK 49") -> BLK 49
A20: =IF(B20="","",ROW()-5) -> 15 | B20: =IFERROR(__xludf.DUMMYFUNCTION("""COMPUTED_VALUE"""),"DOMINGO LOBRIO") -> DOMINGO LOBRIO | C20: =IFERROR(__xludf.DUMMYFUNCTION("""COMPUTED_VALUE"""),"N/A") -> N/A | F20: =IFERROR(__xludf.DUMMYFUNCTION("""COMPUTED_VALUE"""),"ACTIVE") -> ACTIVE | G20: =IFERROR(__xludf.DUMMYFUNCTION("""COMPUTED_VALUE"""),"R") -> R | H20: =IFERROR(__xludf.DUMMYFUNCTION("""COMPUTED_VALUE"""),"ROWENA LOBRIO") -> ROWENA LOBRIO | J20: =IFERROR(__xludf.DUMMYFUNCTION("""COMPUTED_VALUE"""),"BLK 49") -> BLK 49
A21: =IF(B21="","",ROW()-5) -> 16 | B21: =IFERROR(__xludf.DUMMYFUNCTION("""COMPUTED_VALUE"""),"EFREN B. DEL ROSARIO") -> EFREN B. DEL ROSARIO | C21: =IFERROR(__xludf.DUMMYFUNCTION("""COMPUTED_VALUE"""),"SENIOR") -> SENIOR | F21: =IFERROR(__xludf.DUMMYFUNCTION("""COMPUTED_VALUE"""),"DISEASE") -> DISEASE | G21: =IFERROR(__xludf.DUMMYFUNCTION("""COMPUTED_VALUE"""),"PH") -> PH | H21: =IFERROR(__xludf.DUMMYFUNCTION("""COMPUTED_VALUE"""),"CLARITA D. DEL ROSARIO") -> CLARITA D. DEL ROSARIO | I21: =IFERROR(__xludf.DUMMYFUNCTION("""COMPUTED_VALUE"""),"SENIOR") -> SENIOR | J21: =IFERROR(__xludf.DUMMYFUNCTION("""COMPUTED_VALUE"""),"BLK 49") -> BLK 49
A22: =IF(B22="","",ROW()-5) -> 17 | B22: =IFERROR(__xludf.DUMMYFUNCTION("""COMPUTED_VALUE"""),"ELEMER LIBED") -> ELEMER LIBED | C22: =IFERROR(__xludf.DUMMYFUNCTION("""COMPUTED_VALUE"""),"N/A") -> N/A | F22: =IFERROR(__xludf.DUMMYFUNCTION("""COMPUTED_VALUE"""),"ACTIVE") -> ACTIVE | G22: =IFERROR(__xludf.DUMMYFUNCTION("""COMPUTED_VALUE"""),"PH") -> PH | H22: =IFERROR(__xludf.DUMMYFUNCTION("""COMPUTED_VALUE"""),"EDENROSE APALLA") -> EDENROSE APALLA | I22: =IFERROR(__xludf.DUMMYFUNCTION("""COMPUTED_VALUE"""),"4PS") -> 4PS | J22: =IFERROR(__xludf.DUMMYFUNCTION("""COMPUTED_VALUE"""),"BLK 49") -> BLK 49
A23: =IF(B23="","",ROW()-5) -> 18 | B23: =IFERROR(__xludf.DUMMYFUNCTION("""COMPUTED_VALUE"""),"ELIZABETH CANAPIT") -> ELIZABETH CANAPIT | C23: =IFERROR(__xludf.DUMMYFUNCTION("""COMPUTED_VALUE"""),"SENIOR") -> SENIOR | F23: =IFERROR(__xludf.DUMMYFUNCTION("""COMPUTED_VALUE"""),"ACTIVE") -> ACTIVE | G23: =IFERROR(__xludf.DUMMYFUNCTION("""COMPUTED_VALUE"""),"PH") -> PH | J23: =IFERROR(__xludf.DUMMYFUNCTION("""COMPUTED_VALUE"""),"BLK 49") -> BLK 49 | L23: PH | M23: =COUNTIFS($G$6:G1000,L23) -> 27
A24: =IF(B24="","",ROW()-5) -> 19 | B24: =IFERROR(__xludf.DUMMYFUNCTION("""COMPUTED_VALUE"""),"ELVIRA D. OLAES") -> ELVIRA D. OLAES | C24: =IFERROR(__xludf.DUMMYFUNCTION("""COMPUTED_VALUE"""),"SENIOR") -> SENIOR | F24: =IFERROR(__xludf.DUMMYFUNCTION("""COMPUTED_VALUE"""),"ACTIVE") -> ACTIVE | G24: =IFERROR(__xludf.DUMMYFUNCTION("""COMPUTED_VALUE"""),"PH") -> PH | J24: =IFERROR(__xludf.DUMMYFUNCTION("""COMPUTED_VALUE"""),"BLK 49") -> BLK 49 | L24: R | M24: =COUNTIFS($G$6:G1001,L24) -> 34
A25: =IF(B25="","",ROW()-5) -> 20 | B25: =IFERROR(__xludf.DUMMYFUNCTION("""COMPUTED_VALUE"""),"EM VILLARINO") -> EM VILLARINO | C25: =IFERROR(__xludf.DUMMYFUNCTION("""COMPUTED_VALUE"""),"N/A") -> N/A | F25: =IFERROR(__xludf.DUMMYFUNCTION("""COMPUTED_VALUE"""),"ACTIVE") -> ACTIVE | G25: =IFERROR(__xludf.DUMMYFUNCTION("""COMPUTED_VALUE"""),"R") -> R | J25: =IFERROR(__xludf.DUMMYFUNCTION("""COMPUTED_VALUE"""),"BLK 49") -> BLK 49 | L25: N/A | M25: =COUNTIFS($G$6:G1002,L25) -> 5
A26: =IF(B26="","",ROW()-5) -> 21 | B26: =IFERROR(__xludf.DUMMYFUNCTION("""COMPUTED_VALUE"""),"ERWIN CANLAS") -> ERWIN CANLAS | C26: =IFERROR(__xludf.DUMMYFUNCTION("""COMPUTED_VALUE"""),"N/A") -> N/A | F26: =IFERROR(__xludf.DUMMYFUNCTION("""COMPUTED_VALUE"""),"ACTIVE") -> ACTIVE | G26: =IFERROR(__xludf.DUMMYFUNCTION("""COMPUTED_VALUE"""),"R") -> R | H26: =IFERROR(__xludf.DUMMYFUNCTION("""COMPUTED_VALUE"""),"LORENA ORONGAN") -> LORENA ORONGAN | J26: =IFERROR(__xludf.DUMMYFUNCTION("""COMPUTED_VALUE"""),"BLK 49") -> BLK 49 | L26: TOTAL: | M26: =SUM(M23:M25) -> 66
A27: =IF(B27="","",ROW()-5) -> 22 | B27: =IFERROR(__xludf.DUMMYFUNCTION("""COMPUTED_VALUE"""),"FREDERICO A. FLORANO") -> FREDERICO A. FLORANO | C27: =IFERROR(__xludf.DUMMYFUNCTION("""COMPUTED_VALUE"""),"N/A") -> N/A | F27: =IFERROR(__xludf.DUMMYFUNCTION("""COMPUTED_VALUE"""),"ACTIVE") -> ACTIVE | G27: =IFERROR(__xludf.DUMMYFUNCTION("""COMPUTED_VALUE"""),"PH") -> PH | H27: =IFERROR(__xludf.DUMMYFUNCTION("""COMPUTED_VALUE"""),"IRENE JOY JOVEN") -> IRENE JOY JOVEN | I27: =IFERROR(__xludf.DUMMYFUNCTION("""COMPUTED_VALUE"""),"BRGY. OFFICIALS") -> BRGY. OFFICIALS | J27: =IFERROR(__xludf.DUMMYFUNCTION("""COMPUTED_VALUE"""),"BLK 49") -> BLK 49
A28: =IF(B28="","",ROW()-5) -> 23 | B28: =IFERROR(__xludf.DUMMYFUNCTION("""COMPUTED_VALUE"""),"GELBERT MARANTAL") -> GELBERT MARANTAL | C28: =IFERROR(__xludf.DUMMYFUNCTION("""COMPUTED_VALUE"""),"BRGY. OFFICIALS") -> BRGY. OFFICIALS | F28: =IFERROR(__xludf.DUMMYFUNCTION("""COMPUTED_VALUE"""),"ACTIVE") -> ACTIVE | G28: =IFERROR(__xludf.DUMMYFUNCTION("""COMPUTED_VALUE"""),"PH") -> PH | H28: =IFERROR(__xludf.DUMMYFUNCTION("""COMPUTED_VALUE"""),"JOSEPHENE MARANTAL") -> JOSEPHENE MARANTAL | I28: =IFERROR(__xludf.DUMMYFUNCTION("""COMPUTED_VALUE"""),"4PS") -> 4PS | J28: =IFERROR(__xludf.DUMMYFUNCTION("""COMPUTED_VALUE"""),"BLK 49") -> BLK 49
A29: =IF(B29="","",ROW()-5) -> 24 | B29: =IFERROR(__xludf.DUMMYFUNCTION("""COMPUTED_VALUE"""),"GERALD DEL ROSARIO") -> GERALD DEL ROSARIO | C29: =IFERROR(__xludf.DUMMYFUNCTION("""COMPUTED_VALUE"""),"N/A") -> N/A | F29: =IFERROR(__xludf.DUMMYFUNCTION("""COMPUTED_VALUE"""),"ACTIVE") -> ACTIVE | G29: =IFERROR(__xludf.DUMMYFUNCTION("""COMPUTED_VALUE"""),"R") -> R | H29: =IFERROR(__xludf.DUMMYFUNCTION("""COMPUTED_VALUE"""),"MARY JOY GUINAN") -> MARY JOY GUINAN | J29: =IFERROR(__xludf.DUMMYFUNCTION("""COMPUTED_VALUE"""),"BLK 49") -> BLK 49
A30: =IF(B30="","",ROW()-5) -> 25 | B30: =IFERROR(__xludf.DUMMYFUNCTION("""COMPUTED_VALUE"""),"ISABEL AGUANTA") -> ISABEL AGUANTA | C30: =IFERROR(__xludf.DUMMYFUNCTION("""COMPUTED_VALUE"""),"N/A") -> N/A | F30: =IFERROR(__xludf.DUMMYFUNCTION("""COMPUTED_VALUE"""),"ACTIVE") -> ACTIVE | G30: =IFERROR(__xludf.DUMMYFUNCTION("""COMPUTED_VALUE"""),"R") -> R | J30: =IFERROR(__xludf.DUMMYFUNCTION("""COMPUTED_VALUE"""),"BLK 49") -> BLK 49
A31: =IF(B31="","",ROW()-5) -> 26 | B31: =IFERROR(__xludf.DUMMYFUNCTION("""COMPUTED_VALUE"""),"JAMES ADAM S. VILLARUZ") -> JAMES ADAM S. VILLARUZ | C31: =IFERROR(__xludf.DUMMYFUNCTION("""COMPUTED_VALUE"""),"N/A") -> N/A | F31: =IFERROR(__xludf.DUMMYFUNCTION("""COMPUTED_VALUE"""),"UNREGISTERED") -> UNREGISTERED | G31: =IFERROR(__xludf.DUMMYFUNCTION("""COMPUTED_VALUE"""),"R") -> R | H31: =IFERROR(__xludf.DUMMYFUNCTION("""COMPUTED_VALUE"""),"SHARWIN MAY E. PASCUAL") -> SHARWIN MAY E. PASCUAL | J31: =IFERROR(__xludf.DUMMYFUNCTION("""COMPUTED_VALUE"""),"BLK 49") -> BLK 49
A32: =IF(B32="","",ROW()-5) -> 27 | B32: =IFERROR(__xludf.DUMMYFUNCTION("""COMPUTED_VALUE"""),"JANET LOPINIA") -> JANET LOPINIA | C32: =IFERROR(__xludf.DUMMYFUNCTION("""COMPUTED_VALUE"""),"SENIOR") -> SENIOR | F32: =IFERROR(__xludf.DUMMYFUNCTION("""COMPUTED_VALUE"""),"ACTIVE") -> ACTIVE | G32: =IFERROR(__xludf.DUMMYFUNCTION("""COMPUTED_VALUE"""),"PH") -> PH | J32: =IFERROR(__xludf.DUMMYFUNCTION("""COMPUTED_VALUE"""),"BLK 49") -> BLK 49
A33: =IF(B33="","",ROW()-5) -> 28 | B33: =IFERROR(__xludf.DUMMYFUNCTION("""COMPUTED_VALUE"""),"JANNE MARBERT MAÑAS") -> JANNE MARBERT MAÑAS | C33: =IFERROR(__xludf.DUMMYFUNCTION("""COMPUTED_VALUE"""),"N/A") -> N/A | F33: =IFERROR(__xludf.DUMMYFUNCTION("""COMPUTED_VALUE"""),"UNREGISTERED") -> UNREGISTERED | G33: =IFERROR(__xludf.DUMMYFUNCTION("""COMPUTED_VALUE"""),"N/A") -> N/A | J33: =IFERROR(__xludf.DUMMYFUNCTION("""COMPUTED_VALUE"""),"BLK 49") -> BLK 49
A34: =IF(B34="","",ROW()-5) -> 29 | B34: =IFERROR(__xludf.DUMMYFUNCTION("""COMPUTED_VALUE"""),"JAYSON DEL ROSARIO") -> JAYSON DEL ROSARIO | C34: =IFERROR(__xludf.DUMMYFUNCTION("""COMPUTED_VALUE"""),"N/A") -> N/A | F34: =IFERROR(__xludf.DUMMYFUNCTION("""COMPUTED_VALUE"""),"ACTIVE") -> ACTIVE | G34: =IFERROR(__xludf.DUMMYFUNCTION("""COMPUTED_VALUE"""),"PH") -> PH | J34: =IFERROR(__xludf.DUMMYFUNCTION("""COMPUTED_VALUE"""),"BLK 49") -> BLK 49
A35: =IF(B35="","",ROW()-5) -> 30 | B35: =IFERROR(__xludf.DUMMYFUNCTION("""COMPUTED_VALUE"""),"JB VILLARINO") -> JB VILLARINO | C35: =IFERROR(__xludf.DUMMYFUNCTION("""COMPUTED_VALUE"""),"N/A") -> N/A | F35: =IFERROR(__xludf.DUMMYFUNCTION("""COMPUTED_VALUE"""),"ACTIVE") -> ACTIVE | G35: =IFERROR(__xludf.DUMMYFUNCTION("""COMPUTED_VALUE"""),"R") -> R | H35: =IFERROR(__xludf.DUMMYFUNCTION("""COMPUTED_VALUE"""),"TESSA") -> TESSA | J35: =IFERROR(__xludf.DUMMYFUNCTION("""COMPUTED_VALUE"""),"BLK 49") -> BLK 49
A36: =IF(B36="","",ROW()-5) -> 31 | B36: =IFERROR(__xludf.DUMMYFUNCTION("""COMPUTED_VALUE"""),"JEFFREY D. CUNANAN") -> JEFFREY D. CUNANAN | C36: =IFERROR(__xludf.DUMMYFUNCTION("""COMPUTED_VALUE"""),"N/A") -> N/A | F36: =IFERROR(__xludf.DUMMYFUNCTION("""COMPUTED_VALUE"""),"ACTIVE") -> ACTIVE | G36: =IFERROR(__xludf.DUMMYFUNCTION("""COMPUTED_VALUE"""),"R") -> R | H36: =IFERROR(__xludf.DUMMYFUNCTION("""COMPUTED_VALUE"""),"ANALYN D. CUNANAN") -> ANALYN D. CUNANAN | J36: =IFERROR(__xludf.DUMMYFUNCTION("""COMPUTED_VALUE"""),"BLK 49") -> BLK 49
A37: =IF(B37="","",ROW()-5) -> 32 | B37: =IFERROR(__xludf.DUMMYFUNCTION("""COMPUTED_VALUE"""),"JENNY M. ARGOTA") -> JENNY M. ARGOTA | C37: =IFERROR(__xludf.DUMMYFUNCTION("""COMPUTED_VALUE"""),"N/A") -> N/A | F37: =IFERROR(__xludf.DUMMYFUNCTION("""COMPUTED_VALUE"""),"ACTIVE") -> ACTIVE | G37: =IFERROR(__xludf.DUMMYFUNCTION("""COMPUTED_VALUE"""),"R") -> R | J37: =IFERROR(__xludf.DUMMYFUNCTION("""COMPUTED_VALUE"""),"BLK 49") -> BLK 49
A38: =IF(B38="","",ROW()-5) -> 33 | B38: =IFERROR(__xludf.DUMMYFUNCTION("""COMPUTED_VALUE"""),"JEROME DEL ROSARIO") -> JEROME DEL ROSARIO | C38: =IFERROR(__xludf.DUMMYFUNCTION("""COMPUTED_VALUE"""),"N/A") -> N/A | F38: =IFERROR(__xludf.DUMMYFUNCTION("""COMPUTED_VALUE"""),"ACTIVE") -> ACTIVE | G38: =IFERROR(__xludf.DUMMYFUNCTION("""COMPUTED_VALUE"""),"R") -> R | H38: =IFERROR(__xludf.DUMMYFUNCTION("""COMPUTED_VALUE"""),"NICKA DEL ROSARIO") -> NICKA DEL ROSARIO | J38: =IFERROR(__xludf.DUMMYFUNCTION("""COMPUTED_VALUE"""),"BLK 49") -> BLK 49
A39: =IF(B39="","",ROW()-5) -> 34 | B39: =IFERROR(__xludf.DUMMYFUNCTION("""COMPUTED_VALUE"""),"JESUS SILVA") -> JESUS SILVA | C39: =IFERROR(__xludf.DUMMYFUNCTION("""COMPUTED_VALUE"""),"SENIOR") -> SENIOR | F39: =IFERROR(__xludf.DUMMYFUNCTION("""COMPUTED_VALUE"""),"ACTIVE") -> ACTIVE | G39: =IFERROR(__xludf.DUMMYFUNCTION("""COMPUTED_VALUE"""),"PH") -> PH | J39: =IFERROR(__xludf.DUMMYFUNCTION("""COMPUTED_VALUE"""),"BLK 49") -> BLK 49
A40: =IF(B40="","",ROW()-5) -> 35 | B40: =IFERROR(__xludf.DUMMYFUNCTION("""COMPUTED_VALUE"""),"JHON DANIEL C. ARIÑO") -> JHON DANIEL C. ARIÑO | C40: =IFERROR(__xludf.DUMMYFUNCTION("""COMPUTED_VALUE"""),"N/A") -> N/A | F40: =IFERROR(__xludf.DUMMYFUNCTION("""COMPUTED_VALUE"""),"UNREGISTERED") -> UNREGISTERED | G40: =IFERROR(__xludf.DUMMYFUNCTION("""COMPUTED_VALUE"""),"PH") -> PH | H40: =IFERROR(__xludf.DUMMYFUNCTION("""COMPUTED_VALUE"""),"ERCINDA S. CABRERA") -> ERCINDA S. CABRERA | I40: =IFERROR(__xludf.DUMMYFUNCTION("""COMPUTED_VALUE"""),"SENIOR") -> SENIOR | J40: =IFERROR(__xludf.DUMMYFUNCTION("""COMPUTED_VALUE"""),"BLK 49") -> BLK 49
A41: =IF(B41="","",ROW()-5) -> 36 | B41: =IFERROR(__xludf.DUMMYFUNCTION("""COMPUTED_VALUE"""),"JHON M. PAYUNAN") -> JHON M. PAYUNAN | C41: =IFERROR(__xludf.DUMMYFUNCTION("""COMPUTED_VALUE"""),"THIRD GEN") -> THIRD GEN | F41: =IFERROR(__xludf.DUMMYFUNCTION("""COMPUTED_VALUE"""),"ACTIVE") -> ACTIVE | G41: =IFERROR(__xludf.DUMMYFUNCTION("""COMPUTED_VALUE"""),"R") -> R | H41: =IFERROR(__xludf.DUMMYFUNCTION("""COMPUTED_VALUE"""),"CRISANTA A. PAYUNAN") -> CRISANTA A. PAYUNAN | I41: =IFERROR(__xludf.DUMMYFUNCTION("""COMPUTED_VALUE"""),"KDBM") -> KDBM | J41: =IFERROR(__xludf.DUMMYFUNCTION("""COMPUTED_VALUE"""),"BLK 49") -> BLK 49
A42: =IF(B42="","",ROW()-5) -> 37 | B42: =IFERROR(__xludf.DUMMYFUNCTION("""COMPUTED_VALUE"""),"JOMEL ARGOTA") -> JOMEL ARGOTA | C42: =IFERROR(__xludf.DUMMYFUNCTION("""COMPUTED_VALUE"""),"N/A") -> N/A | F42: =IFERROR(__xludf.DUMMYFUNCTION("""COMPUTED_VALUE"""),"ACTIVE") -> ACTIVE | G42: =IFERROR(__xludf.DUMMYFUNCTION("""COMPUTED_VALUE"""),"R") -> R | H42: =IFERROR(__xludf.DUMMYFUNCTION("""COMPUTED_VALUE"""),"ERIKA DELA CRUZ") -> ERIKA DELA CRUZ | J42: =IFERROR(__xludf.DUMMYFUNCTION("""COMPUTED_VALUE"""),"BLK 49") -> BLK 49
A43: =IF(B43="","",ROW()-5) -> 38 | B43: =IFERROR(__xludf.DUMMYFUNCTION("""COMPUTED_VALUE"""),"JOSELITO CANAPIT") -> JOSELITO CANAPIT | C43: =IFERROR(__xludf.DUMMYFUNCTION("""COMPUTED_VALUE"""),"N/A") -> N/A | F43: =IFERROR(__xludf.DUMMYFUNCTION("""COMPUTED_VALUE"""),"ACTIVE") -> ACTIVE | G43: =IFERROR(__xludf.DUMMYFUNCTION("""COMPUTED_VALUE"""),"R") -> R | H43: =IFERROR(__xludf.DUMMYFUNCTION("""COMPUTED_VALUE"""),"APRIL DIONISIO") -> APRIL DIONISIO | J43: =IFERROR(__xludf.DUMMYFUNCTION("""COMPUTED_VALUE"""),"BLK 49") -> BLK 49
A44: =IF(B44="","",ROW()-5) -> 39 | B44: =IFERROR(__xludf.DUMMYFUNCTION("""COMPUTED_VALUE"""),"JOSELITO LOBRIO") -> JOSELITO LOBRIO | C44: =IFERROR(__xludf.DUMMYFUNCTION("""COMPUTED_VALUE"""),"N/A") -> N/A | F44: =IFERROR(__xludf.DUMMYFUNCTION("""COMPUTED_VALUE"""),"ACTIVE") -> ACTIVE | G44: =IFERROR(__xludf.DUMMYFUNCTION("""COMPUTED_VALUE"""),"R") -> R | J44: =IFERROR(__xludf.DUMMYFUNCTION("""COMPUTED_VALUE"""),"BLK 49") -> BLK 49
A45: =IF(B45="","",ROW()-5) -> 40 | B45: =IFERROR(__xludf.DUMMYFUNCTION("""COMPUTED_VALUE"""),"LAURIANO P. SANTOS JR.") -> LAURIANO P. SANTOS JR. | C45: =IFERROR(__xludf.DUMMYFUNCTION("""COMPUTED_VALUE"""),"N/A") -> N/A | F45: =IFERROR(__xludf.DUMMYFUNCTION("""COMPUTED_VALUE"""),"UNREGISTERED") -> UNREGISTERED | G45: =IFERROR(__xludf.DUMMYFUNCTION("""COMPUTED_VALUE"""),"R") -> R | H45: =IFERROR(__xludf.DUMMYFUNCTION("""COMPUTED_VALUE"""),"MYLA D. SANTOS") -> MYLA D. SANTOS | J45: =IFERROR(__xludf.DUMMYFUNCTION("""COMPUTED_VALUE"""),"BLK 49") -> BLK 49
A46: =IF(B46="","",ROW()-5) -> 41 | B46: =IFERROR(__xludf.DUMMYFUNCTION("""COMPUTED_VALUE"""),"LAURICE H. ROLDAN") -> LAURICE H. ROLDAN | C46: =IFERROR(__xludf.DUMMYFUNCTION("""COMPUTED_VALUE"""),"N/A") -> N/A | F46: =IFERROR(__xludf.DUMMYFUNCTION("""COMPUTED_VALUE"""),"ACTIVE") -> ACTIVE | G46: =IFERROR(__xludf.DUMMYFUNCTION("""COMPUTED_VALUE"""),"R") -> R | J46: =IFERROR(__xludf.DUMMYFUNCTION("""COMPUTED_VALUE"""),"BLK 49") -> BLK 49
A47: =IF(B47="","",ROW()-5) -> 42 | B47: =IFERROR(__xludf.DUMMYFUNCTION("""COMPUTED_VALUE"""),"LENNY VILLARINO") -> LENNY VILLARINO | C47: =IFERROR(__xludf.DUMMYFUNCTION("""COMPUTED_VALUE"""),"SENIOR") -> SENIOR | F47: =IFERROR(__xludf.DUMMYFUNCTION("""COMPUTED_VALUE"""),"ACTIVE") -> ACTIVE | G47: =IFERROR(__xludf.DUMMYFUNCTION("""COMPUTED_VALUE"""),"PH") -> PH | J47: =IFERROR(__xludf.DUMMYFUNCTION("""COMPUTED_VALUE"""),"BLK 49") -> BLK 49
A48: =IF(B48="","",ROW()-5) -> 43 | B48: =IFERROR(__xludf.DUMMYFUNCTION("""COMPUTED_VALUE"""),"LIZA LOBRIO") -> LIZA LOBRIO | C48: =IFERROR(__xludf.DUMMYFUNCTION("""COMPUTED_VALUE"""),"KDBM") -> KDBM | F48: =IFERROR(__xludf.DUMMYFUNCTION("""COMPUTED_VALUE"""),"INACTIVE") -> INACTIVE | G48: =IFERROR(__xludf.DUMMYFUNCTION("""COMPUTED_VALUE"""),"N/A") -> N/A | J48: =IFERROR(__xludf.DUMMYFUNCTION("""COMPUTED_VALUE"""),"BLK 49") -> BLK 49
A49: =IF(B49="","",ROW()-5) -> 44 | B49: =IFERROR(__xludf.DUMMYFUNCTION("""COMPUTED_VALUE"""),"LOURDES C. CALADIAO") -> LOURDES C. CALADIAO | C49: =IFERROR(__xludf.DUMMYFUNCTION("""COMPUTED_VALUE"""),"SENIOR") -> SENIOR | F49: =IFERROR(__xludf.DUMMYFUNCTION("""COMPUTED_VALUE"""),"ACTIVE") -> ACTIVE | G49: =IFERROR(__xludf.DUMMYFUNCTION("""COMPUTED_VALUE"""),"PH") -> PH | J49: =IFERROR(__xludf.DUMMYFUNCTION("""COMPUTED_VALUE"""),"BLK 49") -> BLK 49
A50: =IF(B50="","",ROW()-5) -> 45 | B50: =IFERROR(__xludf.DUMMYFUNCTION("""COMPUTED_VALUE"""),"MARIA BRENDA R. AGOTE") -> MARIA BRENDA R. AGOTE | C50: =IFERROR(__xludf.DUMMYFUNCTION("""COMPUTED_VALUE"""),"N/A") -> N/A | F50: =IFERROR(__xludf.DUMMYFUNCTION("""COMPUTED_VALUE"""),"UNREGISTERED") -> UNREGISTERED | G50: =IFERROR(__xludf.DUMMYFUNCTION("""COMPUTED_VALUE"""),"N/A") -> N/A | J50: =IFERROR(__xludf.DUMMYFUNCTION("""COMPUTED_VALUE"""),"BLK 49") -> BLK 49
A51: =IF(B51="","",ROW()-5) -> 46 | B51: =IFERROR(__xludf.DUMMYFUNCTION("""COMPUTED_VALUE"""),"MARSEDILLO GREGORIO") -> MARSEDILLO GREGORIO | C51: =IFERROR(__xludf.DUMMYFUNCTION("""COMPUTED_VALUE"""),"N/A") -> N/A | F51: =IFERROR(__xludf.DUMMYFUNCTION("""COMPUTED_VALUE"""),"ACTIVE") -> ACTIVE | G51: =IFERROR(__xludf.DUMMYFUNCTION("""COMPUTED_VALUE"""),"R") -> R | H51: =IFERROR(__xludf.DUMMYFUNCTION("""COMPUTED_VALUE"""),"AGNES GREGORIO") -> AGNES GREGORIO | I51: =IFERROR(__xludf.DUMMYFUNCTION("""COMPUTED_VALUE"""),"KDBM") -> KDBM | J51: =IFERROR(__xludf.DUMMYFUNCTION("""COMPUTED_VALUE"""),"BLK 49") -> BLK 49
A52: =IF(B52="","",ROW()-5) -> 47 | B52: =IFERROR(__xludf.DUMMYFUNCTION("""COMPUTED_VALUE"""),"MARY YNDELLCELLE GREGORIO") -> MARY YNDELLCELLE GREGORIO | C52: =IFERROR(__xludf.DUMMYFUNCTION("""COMPUTED_VALUE"""),"N/A") -> N/A | F52: =IFERROR(__xludf.DUMMYFUNCTION("""COMPUTED_VALUE"""),"ACTIVE") -> ACTIVE | G52: =IFERROR(__xludf.DUMMYFUNCTION("""COMPUTED_VALUE"""),"R") -> R | H52: =IFERROR(__xludf.DUMMYFUNCTION("""COMPUTED_VALUE"""),"MC BRYLE GREGORIO") -> MC BRYLE GREGORIO | J52: =IFERROR(__xludf.DUMMYFUNCTION("""COMPUTED_VALUE"""),"BLK 49") -> BLK 49
A53: =IF(B53="","",ROW()-5) -> 48 | B53: =IFERROR(__xludf.DUMMYFUNCTION("""COMPUTED_VALUE"""),"MELITA DAUS PASCUA") -> MELITA DAUS PASCUA | C53: =IFERROR(__xludf.DUMMYFUNCTION("""COMPUTED_VALUE"""),"N/A") -> N/A | F53: =IFERROR(__xludf.DUMMYFUNCTION("""COMPUTED_VALUE"""),"ACTIVE") -> ACTIVE | G53: =IFERROR(__xludf.DUMMYFUNCTION("""COMPUTED_VALUE"""),"R") -> R | J53: =IFERROR(__xludf.DUMMYFUNCTION("""COMPUTED_VALUE"""),"BLK 49") -> BLK 49
A54: =IF(B54="","",ROW()-5) -> 49 | B54: =IFERROR(__xludf.DUMMYFUNCTION("""COMPUTED_VALUE"""),"MERCEDITA YAP MERANO") -> MERCEDITA YAP MERANO | C54: =IFERROR(__xludf.DUMMYFUNCTION("""COMPUTED_VALUE"""),"4PS") -> 4PS | F54: =IFERROR(__xludf.DUMMYFUNCTION("""COMPUTED_VALUE"""),"ACTIVE") -> ACTIVE | G54: =IFERROR(__xludf.DUMMYFUNCTION("""COMPUTED_VALUE"""),"PH") -> PH | J54: =IFERROR(__xludf.DUMMYFUNCTION("""COMPUTED_VALUE"""),"BLK 49") -> BLK 49
A55: =IF(B55="","",ROW()-5) -> 50 | B55: =IFERROR(__xludf.DUMMYFUNCTION("""COMPUTED_VALUE"""),"MHELJHON MIRASOL") -> MHELJHON MIRASOL | C55: =IFERROR(__xludf.DUMMYFUNCTION("""COMPUTED_VALUE"""),"N/A") -> N/A | F55: =IFERROR(__xludf.DUMMYFUNCTION("""COMPUTED_VALUE"""),"ACTIVE") -> ACTIVE | G55: =IFERROR(__xludf.DUMMYFUNCTION("""COMPUTED_VALUE"""),"R") -> R | H55: =IFERROR(__xludf.DUMMYFUNCTION("""COMPUTED_VALUE"""),"KIM JERILIE LIM") -> KIM JERILIE LIM | J55: =IFERROR(__xludf.DUMMYFUNCTION("""COMPUTED_VALUE"""),"BLK 49") -> BLK 49
A56: =IF(B56="","",ROW()-5) -> 51 | B56: =IFERROR(__xludf.DUMMYFUNCTION("""COMPUTED_VALUE"""),"MICHAEL ATAJAR") -> MICHAEL ATAJAR | C56: =IFERROR(__xludf.DUMMYFUNCTION("""COMPUTED_VALUE"""),"N/A") -> N/A | F56: =IFERROR(__xludf.DUMMYFUNCTION("""COMPUTED_VALUE"""),"ACTIVE") -> ACTIVE | G56: =IFERROR(__xludf.DUMMYFUNCTION("""COMPUTED_VALUE"""),"R") -> R | H56: =IFERROR(__xludf.DUMMYFUNCTION("""COMPUTED_VALUE"""),"ANRIALIZA ATAJAR") -> ANRIALIZA ATAJAR | J56: =IFERROR(__xludf.DUMMYFUNCTION("""COMPUTED_VALUE"""),"BLK 49") -> BLK 49
A57: =IF(B57="","",ROW()-5) -> 52 | B57: =IFERROR(__xludf.DUMMYFUNCTION("""COMPUTED_VALUE"""),"NARDO A. LEONARDO") -> NARDO A. LEONARDO | C57: =IFERROR(__xludf.DUMMYFUNCTION("""COMPUTED_VALUE"""),"N/A") -> N/A | F57: =IFERROR(__xludf.DUMMYFUNCTION("""COMPUTED_VALUE"""),"ACTIVE") -> ACTIVE | G57: =IFERROR(__xludf.DUMMYFUNCTION("""COMPUTED_VALUE"""),"R") -> R | H57: =IFERROR(__xludf.DUMMYFUNCTION("""COMPUTED_VALUE"""),"ENCARNACION LEONARDO") -> ENCARNACION LEONARDO | J57: =IFERROR(__xludf.DUMMYFUNCTION("""COMPUTED_VALUE"""),"BLK 49") -> BLK 49
A58: =IF(B58="","",ROW()-5) -> 53 | B58: =IFERROR(__xludf.DUMMYFUNCTION("""COMPUTED_VALUE"""),"PURUFICACION") -> PURUFICACION | C58: =IFERROR(__xludf.DUMMYFUNCTION("""COMPUTED_VALUE"""),"N/A") -> N/A | F58: =IFERROR(__xludf.DUMMYFUNCTION("""COMPUTED_VALUE"""),"UNREGISTERED") -> UNREGISTERED | G58: =IFERROR(__xludf.DUMMYFUNCTION("""COMPUTED_VALUE"""),"R") -> R | H58: =IFERROR(__xludf.DUMMYFUNCTION("""COMPUTED_VALUE"""),"LIGAYA AGUANTA") -> LIGAYA AGUANTA | I58: =IFERROR(__xludf.DUMMYFUNCTION("""COMPUTED_VALUE"""),"KDBM") -> KDBM | J58: =IFERROR(__xludf.DUMMYFUNCTION("""COMPUTED_VALUE"""),"BLK 49") -> BLK 49
A59: =IF(B59="","",ROW()-5) -> 54 | B59: =IFERROR(__xludf.DUMMYFUNCTION("""COMPUTED_VALUE"""),"REBECCA C. HUPALAR") -> REBECCA C. HUPALAR | C59: =IFERROR(__xludf.DUMMYFUNCTION("""COMPUTED_VALUE"""),"SENIOR") -> SENIOR | F59: =IFERROR(__xludf.DUMMYFUNCTION("""COMPUTED_VALUE"""),"ACTIVE") -> ACTIVE | G59: =IFERROR(__xludf.DUMMYFUNCTION("""COMPUTED_VALUE"""),"PH") -> PH | H59: =IFERROR(__xludf.DUMMYFUNCTION("""COMPUTED_VALUE"""),"ARMANDO HUPALAR") -> ARMANDO HUPALAR | J59: =IFERROR(__xludf.DUMMYFUNCTION("""COMPUTED_VALUE"""),"BLK 49") -> BLK 49
A60: =IF(B60="","",ROW()-5) -> 55 | B60: =IFERROR(__xludf.DUMMYFUNCTION("""COMPUTED_VALUE"""),"RENE MOJAR") -> RENE MOJAR | C60: =IFERROR(__xludf.DUMMYFUNCTION("""COMPUTED_VALUE"""),"N/A") -> N/A | F60: =IFERROR(__xludf.DUMMYFUNCTION("""COMPUTED_VALUE"""),"ACTIVE") -> ACTIVE | G60: =IFERROR(__xludf.DUMMYFUNCTION("""COMPUTED_VALUE"""),"R") -> R | H60: =IFERROR(__xludf.DUMMYFUNCTION("""COMPUTED_VALUE"""),"BERNADETH B. ROLDAN") -> BERNADETH B. ROLDAN | J60: =IFERROR(__xludf.DUMMYFUNCTION("""COMPUTED_VALUE"""),"BLK 49") -> BLK 49
A61: =IF(B61="","",ROW()-5) -> 56 | B61: =IFERROR(__xludf.DUMMYFUNCTION("""COMPUTED_VALUE"""),"RICHARD ORO WITE") -> RICHARD ORO WITE | C61: =IFERROR(__xludf.DUMMYFUNCTION("""COMPUTED_VALUE"""),"N/A") -> N/A | F61: =IFERROR(__xludf.DUMMYFUNCTION("""COMPUTED_VALUE"""),"ACTIVE") -> ACTIVE | G61: =IFERROR(__xludf.DUMMYFUNCTION("""COMPUTED_VALUE"""),"R") -> R | H61: =IFERROR(__xludf.DUMMYFUNCTION("""COMPUTED_VALUE"""),"MATEA D. WITE") -> MATEA D. WITE | J61: =IFERROR(__xludf.DUMMYFUNCTION("""COMPUTED_VALUE"""),"BLK 49") -> BLK 49
A62: =IF(B62="","",ROW()-5) -> 57 | B62: =IFERROR(__xludf.DUMMYFUNCTION("""COMPUTED_VALUE"""),"ROBINSON AGUANTA") -> ROBINSON AGUANTA | C62: =IFERROR(__xludf.DUMMYFUNCTION("""COMPUTED_VALUE"""),"N/A") -> N/A | F62: =IFERROR(__xludf.DUMMYFUNCTION("""COMPUTED_VALUE"""),"ACTIVE") -> ACTIVE | G62: =IFERROR(__xludf.DUMMYFUNCTION("""COMPUTED_VALUE"""),"R") -> R | H62: =IFERROR(__xludf.DUMMYFUNCTION("""COMPUTED_VALUE"""),"LOVELYN AGUANTA") -> LOVELYN AGUANTA | J62: =IFERROR(__xludf.DUMMYFUNCTION("""COMPUTED_VALUE"""),"BLK 49") -> BLK 49
A63: =IF(B63="","",ROW()-5) -> 58 | B63: =IFERROR(__xludf.DUMMYFUNCTION("""COMPUTED_VALUE"""),"RODOLFO ROYOLA") -> RODOLFO ROYOLA | C63: =IFERROR(__xludf.DUMMYFUNCTION("""COMPUTED_VALUE"""),"SENIOR") -> SENIOR | F63: =IFERROR(__xludf.DUMMYFUNCTION("""COMPUTED_VALUE"""),"ACTIVE") -> ACTIVE | G63: =IFERROR(__xludf.DUMMYFUNCTION("""COMPUTED_VALUE"""),"PH") -> PH | J63: =IFERROR(__xludf.DUMMYFUNCTION("""COMPUTED_VALUE"""),"BLK 49") -> BLK 49
A64: =IF(B64="","",ROW()-5) -> 59 | B64: =IFERROR(__xludf.DUMMYFUNCTION("""COMPUTED_VALUE"""),"ROMEO ATAJAR") -> ROMEO ATAJAR | C64: =IFERROR(__xludf.DUMMYFUNCTION("""COMPUTED_VALUE"""),"SENIOR") -> SENIOR | F64: =IFERROR(__xludf.DUMMYFUNCTION("""COMPUTED_VALUE"""),"ACTIVE") -> ACTIVE | G64: =IFERROR(__xludf.DUMMYFUNCTION("""COMPUTED_VALUE"""),"PH") -> PH | H64: =IFERROR(__xludf.DUMMYFUNCTION("""COMPUTED_VALUE"""),"MARITESS ATAJAR") -> MARITESS ATAJAR | I64: =IFERROR(__xludf.DUMMYFUNCTION("""COMPUTED_VALUE"""),"SENIOR") -> SENIOR | J64: =IFERROR(__xludf.DUMMYFUNCTION("""COMPUTED_VALUE"""),"BLK 49") -> BLK 49
A65: =IF(B65="","",ROW()-5) -> 60 | B65: =IFERROR(__xludf.DUMMYFUNCTION("""COMPUTED_VALUE"""),"ROMEO PRADO") -> ROMEO PRADO | C65: =IFERROR(__xludf.DUMMYFUNCTION("""COMPUTED_VALUE"""),"SENIOR") -> SENIOR | F65: =IFERROR(__xludf.DUMMYFUNCTION("""COMPUTED_VALUE"""),"UNREGISTERED") -> UNREGISTERED | G65: =IFERROR(__xludf.DUMMYFUNCTION("""COMPUTED_VALUE"""),"PH") -> PH | H65: =IFERROR(__xludf.DUMMYFUNCTION("""COMPUTED_VALUE"""),"MARILYN PRADO") -> MARILYN PRADO | I65: =IFERROR(__xludf.DUMMYFUNCTION("""COMPUTED_VALUE"""),"SENIOR") -> SENIOR | J65: =IFERROR(__xludf.DUMMYFUNCTION("""COMPUTED_VALUE"""),"BLK 49") -> BLK 49
A66: =IF(B66="","",ROW()-5) -> 61 | B66: =IFERROR(__xludf.DUMMYFUNCTION("""COMPUTED_VALUE"""),"ROMNICK BONGCAYAW") -> ROMNICK BONGCAYAW | C66: =IFERROR(__xludf.DUMMYFUNCTION("""COMPUTED_VALUE"""),"N/A") -> N/A | F66: =IFERROR(__xludf.DUMMYFUNCTION("""COMPUTED_VALUE"""),"UNREGISTERED") -> UNREGISTERED | G66: =IFERROR(__xludf.DUMMYFUNCTION("""COMPUTED_VALUE"""),"N/A") -> N/A | H66: =IFERROR(__xludf.DUMMYFUNCTION("""COMPUTED_VALUE"""),"MARIETTA V. BASONILLO") -> MARIETTA V. BASONILLO | J66: =IFERROR(__xludf.DUMMYFUNCTION("""COMPUTED_VALUE"""),"BLK 49") -> BLK 49
A67: =IF(B67="","",ROW()-5) -> 62 | B67: =IFERROR(__xludf.DUMMYFUNCTION("""COMPUTED_VALUE"""),"ROSIE RONASE") -> ROSIE RONASE | C67: =IFERROR(__xludf.DUMMYFUNCTION("""COMPUTED_VALUE"""),"SENIOR") -> SENIOR | F67: =IFERROR(__xludf.DUMMYFUNCTION("""COMPUTED_VALUE"""),"ACTIVE") -> ACTIVE | G67: =IFERROR(__xludf.DUMMYFUNCTION("""COMPUTED_VALUE"""),"PH") -> PH | J67: =IFERROR(__xludf.DUMMYFUNCTION("""COMPUTED_VALUE"""),"BLK 49") -> BLK 49
A68: =IF(B68="","",ROW()-5) -> 63 | B68: =IFERROR(__xludf.DUMMYFUNCTION("""COMPUTED_VALUE"""),"TEODORICO G. ARGOTA JR.") -> TEODORICO G. ARGOTA JR. | C68: =IFERROR(__xludf.DUMMYFUNCTION("""COMPUTED_VALUE"""),"N/A") -> N/A | F68: =IFERROR(__xludf.DUMMYFUNCTION("""COMPUTED_VALUE"""),"ACTIVE") -> ACTIVE | G68: =IFERROR(__xludf.DUMMYFUNCTION("""COMPUTED_VALUE"""),"PH") -> PH | H68: =IFERROR(__xludf.DUMMYFUNCTION("""COMPUTED_VALUE"""),"MELINDA M. ARGOTA") -> MELINDA M. ARGOTA | I68: =IFERROR(__xludf.DUMMYFUNCTION("""COMPUTED_VALUE"""),"BRGY. OFFICIALS") -> BRGY. OFFICIALS | J68: =IFERROR(__xludf.DUMMYFUNCTION("""COMPUTED_VALUE"""),"BLK 49") -> BLK 49
A69: =IF(B69="","",ROW()-5) -> 64 | B69: =IFERROR(__xludf.DUMMYFUNCTION("""COMPUTED_VALUE"""),"TERESITA APALLA") -> TERESITA APALLA | C69: =IFERROR(__xludf.DUMMYFUNCTION("""COMPUTED_VALUE"""),"SENIOR") -> SENIOR | F69: =IFERROR(__xludf.DUMMYFUNCTION("""COMPUTED_VALUE"""),"ACTIVE") -> ACTIVE | G69: =IFERROR(__xludf.DUMMYFUNCTION("""COMPUTED_VALUE"""),"PH") -> PH | J69: =IFERROR(__xludf.DUMMYFUNCTION("""COMPUTED_VALUE"""),"BLK 49") -> BLK 49
A70: =IF(B70="","",ROW()-5) -> 65 | B70: =IFERROR(__xludf.DUMMYFUNCTION("""COMPUTED_VALUE"""),"TRICIA HUPALAR") -> TRICIA HUPALAR | C70: =IFERROR(__xludf.DUMMYFUNCTION("""COMPUTED_VALUE"""),"N/A") -> N/A | F70: =IFERROR(__xludf.DUMMYFUNCTION("""COMPUTED_VALUE"""),"ACTIVE") -> ACTIVE | G70: =IFERROR(__xludf.DUMMYFUNCTION("""COMPUTED_VALUE"""),"R") -> R | J70: =IFERROR(__xludf.DUMMYFUNCTION("""COMPUTED_VALUE"""),"BLK 49") -> BLK 49
A71: =IF(B71="","",ROW()-5) -> 66 | B71: =IFERROR(__xludf.DUMMYFUNCTION("""COMPUTED_VALUE"""),"VANESSA MARANTAL") -> VANESSA MARANTAL | C71: =IFERROR(__xludf.DUMMYFUNCTION("""COMPUTED_VALUE"""),"N/A") -> N/A | F71: =IFERROR(__xludf.DUMMYFUNCTION("""COMPUTED_VALUE"""),"ACTIVE") -> ACTIVE | G71: =IFERROR(__xludf.DUMMYFUNCTION("""COMPUTED_VALUE"""),"PH") -> PH | J71: =IFERROR(__xludf.DUMMYFUNCTION("""COMPUTED_VALUE"""),"BLK 49") -> BLK 49
A72: =IF(B72="","",ROW()-5)
A73: =IF(B73="","",ROW()-5)
A74: =IF(B74="","",ROW()-5)
A75: =IF(B75="","",ROW()-5)
A76: =IF(B76="","",ROW()-5)
A77: =IF(B77="","",ROW()-5)
A78: =IF(B78="","",ROW()-5)
A79: =IF(B79="","",ROW()-5)
A80: =IF(B80="","",ROW()-5)
A81: =IF(B81="","",ROW()-5)
A82: =IF(B82="","",ROW()-5)
A83: =IF(B83="","",ROW()-5)
... A1000: =IF(B1000="","",ROW()-5)
